frame,t0_cap,t1_recv,t2_render,t3_draw,t4_present,cap_ms,rend_ms,pipeline_ms,upload_ms,present_ms
1,0,0,6795128013039,6795128013039,6795128058719,0.00,0.00,679512805.87,0.000,4.57
2,6795128361619,6795128368510,6795128368583,6795128368583,6795128385538,0.00,32.68,2.39,0.000,1.70
3,6795128522701,6795128529666,6795128529771,6795128529771,6795128543637,16.11,15.81,2.09,0.000,1.39
4,6795128683567,6795128686723,6795128686837,6795128686837,6795128696280,16.09,15.26,1.27,0.000,0.94
5,6795128847611,6795128850869,6795128850948,6795128850948,6795128859362,16.40,16.31,1.18,0.000,0.84
6,6795129010118,6795129013297,6795129013381,6795129013381,6795129022445,16.25,16.31,1.23,0.000,0.91
7,6795129175187,6795129178987,6795129179105,6795129179105,6795129188744,16.51,16.63,1.36,0.000,0.96
8,6795129337933,6795129341212,6795129341304,6795129341304,6795129349865,16.27,16.11,1.19,0.000,0.86
9,6795129499400,6795129502738,6795129502820,6795129502820,6795129511896,16.15,16.20,1.25,0.000,0.91
10,6795129662578,6795129666060,6795129666129,6795129666129,6795129675203,16.32,16.33,1.26,0.000,0.91
11,6795129824175,6795129828545,6795129828637,6795129828637,6795129838422,16.16,16.32,1.42,0.000,0.98
12,6795129990216,6795129996586,6795129996686,6795129996686,6795130007262,16.60,16.88,1.70,0.000,1.06
13,6795130151987,6795130155218,6795130155312,6795130155312,6795130164391,16.18,15.71,1.24,0.000,0.91
14,6795130313915,6795130317138,6795130317236,6795130317236,6795130327773,16.19,16.34,1.39,0.000,1.05
15,6795130477602,6795130481109,6795130481222,6795130481222,6795130492735,16.37,16.50,1.51,0.000,1.15
16,6795130641693,6795130645960,6795130646069,6795130646069,6795130655801,16.41,16.31,1.41,0.000,0.97
17,6795130804340,6795130807689,6795130807935,6795130807935,6795130816846,16.26,16.10,1.25,0.000,0.89
18,6795130968526,6795130972323,6795130972400,6795130972400,6795130982189,16.42,16.53,1.37,0.000,0.98
19,6795131130952,6795131135188,6795131135277,6795131135277,6795131145593,16.24,16.34,1.46,0.000,1.03
20,6795131293314,6795131296218,6795131296300,6795131296300,6795131305164,16.24,15.96,1.19,0.000,0.89
21,6795131456589,6795131460288,6795131460443,6795131460443,6795131471131,16.33,16.60,1.45,0.000,1.07
22,6795131620076,6795131623500,6795131623611,6795131623611,6795131636738,16.35,16.56,1.67,0.000,1.31
23,6795131782183,6795131785165,6795131785237,6795131785237,6795131793852,16.21,15.71,1.17,0.000,0.86
24,6795131946935,6795131950673,6795131950766,6795131950766,6795131960659,16.48,16.68,1.37,0.000,0.99
25,6795132108808,6795132112422,6795132112524,6795132112524,6795132121592,16.19,16.09,1.28,0.000,0.91
26,6795132271898,6795132275513,6795132275591,6795132275591,6795132285688,16.31,16.41,1.38,0.000,1.01
27,6795132438188,6795132442194,6795132442295,6795132442295,6795132450668,16.63,16.50,1.25,0.000,0.84
28,6795132600393,6795132604728,6795132604821,6795132604821,6795132614109,16.22,16.34,1.37,0.000,0.93
29,6795132762345,6795132766183,6795132766268,6795132766268,6795132775995,16.20,16.19,1.36,0.000,0.97
30,6795132926327,6795132930578,6795132930682,6795132930682,6795132940995,16.40,16.50,1.47,0.000,1.03
31,6795133087987,6795133091176,6795133091281,6795133091281,6795133099309,16.17,15.83,1.13,0.000,0.80
32,6795133252728,6795133255890,6795133255988,6795133255988,6795133264608,16.47,16.53,1.19,0.000,0.86
33,6795133414000,6795133417902,6795133417976,6795133417976,6795133426740,16.13,16.21,1.27,0.000,0.88
34,6795133576973,6795133579984,6795133580057,6795133580057,6795133588363,16.30,16.16,1.14,0.000,0.83
35,6795133740693,6795133744356,6795133744430,6795133744430,6795133753056,16.37,16.47,1.24,0.000,0.86
36,6795133903153,6795133906134,6795133906203,6795133906203,6795133914650,16.25,16.16,1.15,0.000,0.84
37,6795134066534,6795134069794,6795134069865,6795134069865,6795134080584,16.34,16.59,1.41,0.000,1.07
38,6795134229381,6795134233237,6795134233329,6795134233329,6795134243521,16.28,16.29,1.41,0.000,1.02
39,6795134392203,6795134395387,6795134395442,6795134395442,6795134403654,16.28,16.01,1.15,0.000,0.82
40,6795134555511,6795134558513,6795134558594,6795134558594,6795134567882,16.33,16.42,1.24,0.000,0.93
41,6795134717987,6795134721230,6795134721305,6795134721305,6795134729994,16.25,16.21,1.20,0.000,0.87
42,6795134880823,6795134884041,6795134884200,6795134884200,6795134892714,16.28,16.27,1.19,0.000,0.85
43,6795135044637,6795135047477,6795135047530,6795135047530,6795135055602,16.38,16.29,1.10,0.000,0.81
44,6795135207650,6795135210546,6795135210598,6795135210598,6795135219580,16.30,16.40,1.19,0.000,0.90
45,6795135371165,6795135374053,6795135374119,6795135374119,6795135382867,16.35,16.33,1.17,0.000,0.87
46,6795135534641,6795135538010,6795135538097,6795135538097,6795135546399,16.35,16.35,1.18,0.000,0.83
47,6795135697618,6795135700401,6795135700476,6795135700476,6795135708261,16.30,16.19,1.06,0.000,0.78
48,6795135860201,6795135862950,6795135863033,6795135863033,6795135871116,16.26,16.29,1.09,0.000,0.81
49,6795136022893,6795136025765,6795136025835,6795136025835,6795136035072,16.27,16.40,1.22,0.000,0.92
50,6795136186300,6795136189029,6795136189096,6795136189096,6795136197231,16.34,16.22,1.09,0.000,0.81
51,6795136349358,6795136352784,6795136352844,6795136352844,6795136361189,16.31,16.40,1.18,0.000,0.83
52,6795136512385,6795136515064,6795136515131,6795136515131,6795136523299,16.30,16.21,1.09,0.000,0.82
53,6795136675472,6795136678337,6795136678403,6795136678403,6795136686718,16.31,16.34,1.12,0.000,0.83
54,6795136839021,6795136842426,6795136842518,6795136842518,6795136850283,16.35,16.36,1.13,0.000,0.78
55,6795137003567,6795137007076,6795137007174,6795137007174,6795137018126,16.45,16.78,1.46,0.000,1.10
56,6795137165128,6795137168164,6795137168227,6795137168227,6795137176097,16.16,15.80,1.10,0.000,0.79
57,6795137328900,6795137332976,6795137333051,6795137333051,6795137347182,16.38,17.11,1.83,0.000,1.41
58,6795137491936,6795137494724,6795137494841,6795137494841,6795137502977,16.30,15.58,1.10,0.000,0.81
59,6795137654823,6795137657566,6795137657652,6795137657652,6795137665329,16.29,16.24,1.05,0.000,0.77
60,6795137818365,6795137821085,6795137821157,6795137821157,6795137829251,16.35,16.39,1.09,0.000,0.81
61,6795137981130,6795137984185,6795137984246,6795137984246,6795137992097,16.28,16.28,1.10,0.000,0.79
62,6795138144452,6795138148048,6795138148128,6795138148128,6795138156634,16.33,16.45,1.22,0.000,0.85
63,6795138311385,6795138315613,6795138315668,6795138315668,6795138328484,16.69,17.18,1.71,0.000,1.28
64,6795138471455,6795138475061,6795138475136,6795138475136,6795138484975,16.01,15.65,1.35,0.000,0.98
65,6795138633254,6795138637297,6795138637406,6795138637406,6795138646567,16.18,16.16,1.33,0.000,0.92
66,6795138796279,6795138799743,6795138799826,6795138799826,6795138808858,16.30,16.23,1.26,0.000,0.90
67,6795138959826,6795138962838,6795138962917,6795138962917,6795138970901,16.35,16.20,1.11,0.000,0.80
68,6795139121919,6795139124792,6795139124890,6795139124890,6795139135598,16.21,16.47,1.37,0.000,1.07
69,6795139285624,6795139288554,6795139288633,6795139288633,6795139296992,16.37,16.14,1.14,0.000,0.84
70,6795139449315,6795139452227,6795139452305,6795139452305,6795139460191,16.37,16.32,1.09,0.000,0.79
71,6795139611724,6795139614435,6795139614491,6795139614491,6795139622200,16.24,16.20,1.05,0.000,0.77
72,6795139774903,6795139777972,6795139778061,6795139778061,6795139786422,16.32,16.42,1.15,0.000,0.84
73,6795139938459,6795139941458,6795139941535,6795139941535,6795139949455,16.36,16.30,1.10,0.000,0.79
74,6795140101109,6795140103893,6795140103961,6795140103961,6795140112182,16.27,16.27,1.11,0.000,0.82
75,6795140264198,6795140267328,6795140267431,6795140267431,6795140275799,16.31,16.36,1.16,0.000,0.84
76,6795140427784,6795140431324,6795140431394,6795140431394,6795140440869,16.36,16.51,1.31,0.000,0.95
77,6795140591369,6795140594052,6795140594132,6795140594132,6795140601778,16.36,16.09,1.04,0.000,0.76
78,6795140754488,6795140757288,6795140757371,6795140757371,6795140765608,16.31,16.38,1.11,0.000,0.82
79,6795140916603,6795140919558,6795140919629,6795140919629,6795140929061,16.21,16.35,1.25,0.000,0.94
80,6795141080206,6795141083286,6795141083354,6795141083354,6795141091126,16.36,16.21,1.09,0.000,0.78
81,6795141243193,6795141247416,6795141247508,6795141247508,6795141255311,16.30,16.42,1.21,0.000,0.78
82,6795141406335,6795141409291,6795141409358,6795141409358,6795141417173,16.31,16.19,1.08,0.000,0.78
83,6795141569495,6795141572358,6795141572427,6795141572427,6795141579996,16.32,16.28,1.05,0.000,0.76
84,6795141733874,6795141737202,6795141737300,6795141737300,6795141745816,16.44,16.58,1.19,0.000,0.85
85,6795141895493,6795141899068,6795141899147,6795141899147,6795141907300,16.16,16.15,1.18,0.000,0.82
86,6795142060721,6795142064193,6795142064269,6795142064269,6795142072572,16.52,16.53,1.19,0.000,0.83
87,6795142222518,6795142225819,6795142225893,6795142225893,6795142235091,16.18,16.25,1.26,0.000,0.92
88,6795142384885,6795142387858,6795142387929,6795142387929,6795142396494,16.24,16.14,1.16,0.000,0.86
89,6795142548058,6795142551637,6795142551716,6795142551716,6795142560232,16.32,16.37,1.22,0.000,0.85
90,6795142711570,6795142714308,6795142714369,6795142714369,6795142722403,16.35,16.22,1.08,0.000,0.80
91,6795142874576,6795142877787,6795142877863,6795142877863,6795142887112,16.30,16.47,1.25,0.000,0.92
92,6795143038043,6795143041696,6795143041824,6795143041824,6795143050357,16.35,16.32,1.23,0.000,0.85
93,6795143201338,6795143204484,6795143204565,6795143204565,6795143213318,16.33,16.30,1.20,0.000,0.88
94,6795143364613,6795143367664,6795143367736,6795143367736,6795143385087,16.33,17.18,2.05,0.000,1.74
95,6795143526928,6795143530686,6795143530788,6795143530788,6795143540657,16.23,15.56,1.37,0.000,0.99
96,6795143689812,6795143692999,6795143693073,6795143693073,6795143701580,16.29,16.09,1.18,0.000,0.85
97,6795143854025,6795143856911,6795143856985,6795143856985,6795143864504,16.42,16.29,1.05,0.000,0.75
98,6795144015667,6795144018604,6795144018664,6795144018664,6795144026287,16.16,16.18,1.06,0.000,0.76
99,6795144179238,6795144182094,6795144182160,6795144182160,6795144189755,16.36,16.35,1.05,0.000,0.76
100,6795144343055,6795144346503,6795144346577,6795144346577,6795144354293,16.38,16.45,1.12,0.000,0.77
101,6795144505229,6795144508154,6795144508201,6795144508201,6795144515954,16.22,16.17,1.07,0.000,0.78
102,6795144668412,6795144671439,6795144671493,6795144671493,6795144679207,16.32,16.33,1.08,0.000,0.77
103,6795144831916,6795144835611,6795144835690,6795144835690,6795144843916,16.35,16.47,1.20,0.000,0.82
104,6795144995433,6795144998127,6795144998202,6795144998202,6795145006143,16.35,16.22,1.07,0.000,0.79
105,6795145158835,6795145161882,6795145161963,6795145161963,6795145170188,16.34,16.40,1.14,0.000,0.82
106,6795145321257,6795145323976,6795145324046,6795145324046,6795145332585,16.24,16.24,1.13,0.000,0.85
107,6795145485335,6795145488153,6795145488227,6795145488227,6795145496758,16.41,16.42,1.14,0.000,0.85
108,6795145648920,6795145652116,6795145652229,6795145652229,6795145660385,16.36,16.36,1.15,0.000,0.82
109,6795145810893,6795145814196,6795145814257,6795145814257,6795145821993,16.20,16.16,1.11,0.000,0.77
110,6795145974941,6795145978039,6795145978111,6795145978111,6795145986515,16.40,16.45,1.16,0.000,0.84
111,6795146137818,6795146141093,6795146141143,6795146141143,6795146149451,16.29,16.29,1.16,0.000,0.83
112,6795146300980,6795146304229,6795146304304,6795146304304,6795146314510,16.32,16.51,1.35,0.000,1.02
113,6795146462993,6795146465911,6795146466019,6795146466019,6795146474711,16.20,16.02,1.17,0.000,0.87
114,6795146626880,6795146630407,6795146630465,6795146630465,6795146639852,16.39,16.51,1.30,0.000,0.94
115,6795146789187,6795146792311,6795146792376,6795146792376,6795146800092,16.23,16.02,1.09,0.000,0.77
116,6795146952353,6795146955593,6795146955666,6795146955666,6795146964541,16.32,16.44,1.22,0.000,0.89
117,6795147116077,6795147119085,6795147119160,6795147119160,6795147127019,16.37,16.25,1.09,0.000,0.79
118,6795147278407,6795147281477,6795147281548,6795147281548,6795147289396,16.23,16.24,1.10,0.000,0.78
119,6795147441714,6795147445013,6795147445102,6795147445102,6795147452871,16.33,16.35,1.12,0.000,0.78
120,6795147605472,6795147608366,6795147608432,6795147608432,6795147616201,16.38,16.33,1.07,0.000,0.78
121,6795147767750,6795147770827,6795147770896,6795147770896,6795147779211,16.23,16.30,1.15,0.000,0.83
122,6795147931186,6795147934891,6795147934998,6795147934998,6795147944801,16.34,16.56,1.36,0.000,0.98
123,6795148094143,6795148096933,6795148097019,6795148097019,6795148104909,16.30,16.01,1.08,0.000,0.79
124,6795148263596,6795148269852,6795148269956,6795148269956,6795148282984,16.95,17.81,1.94,0.000,1.30
125,6795148420210,6795148423887,6795148423980,6795148423980,6795148433231,15.66,15.02,1.30,0.000,0.93
126,6795148583544,6795148586630,6795148586719,6795148586719,6795148595151,16.33,16.19,1.16,0.000,0.84
127,6795148747135,6795148750326,6795148750392,6795148750392,6795148757850,16.36,16.27,1.07,0.000,0.75
128,6795148909921,6795148913091,6795148913167,6795148913167,6795148921711,16.28,16.39,1.18,0.000,0.85
129,6795149074137,6795149076950,6795149077015,6795149077015,6795149085111,16.42,16.34,1.10,0.000,0.81
130,6795149238335,6795149241873,6795149241950,6795149241950,6795149250173,16.42,16.51,1.18,0.000,0.82
131,6795149399560,6795149402466,6795149402542,6795149402542,6795149410350,16.12,16.02,1.08,0.000,0.78
132,6795149563058,6795149566069,6795149566134,6795149566134,6795149574269,16.35,16.39,1.12,0.000,0.81
133,6795149727449,6795149730862,6795149730940,6795149730940,6795149741036,16.44,16.68,1.36,0.000,1.01
134,6795149889255,6795149892529,6795149892590,6795149892590,6795149901483,16.18,16.04,1.22,0.000,0.89
135,6795150051721,6795150054670,6795150054763,6795150054763,6795150065988,16.25,16.45,1.43,0.000,1.12
136,6795150214895,6795150217900,6795150217984,6795150217984,6795150226283,16.32,16.03,1.14,0.000,0.83
137,6795150379157,6795150382190,6795150382277,6795150382277,6795150390546,16.43,16.43,1.14,0.000,0.83
138,6795150540845,6795150543843,6795150543920,6795150543920,6795150551894,16.17,16.13,1.10,0.000,0.80
139,6795150704318,6795150707150,6795150707235,6795150707235,6795150715545,16.35,16.37,1.12,0.000,0.83
140,6795150868504,6795150871417,6795150871492,6795150871492,6795150884579,16.42,16.90,1.61,0.000,1.31
141,6795151030664,6795151034620,6795151034720,6795151034720,6795151043378,16.22,15.88,1.27,0.000,0.87
142,6795151193997,6795151196729,6795151196800,6795151196800,6795151205097,16.33,16.17,1.11,0.000,0.83
143,6795151356705,6795151359424,6795151359526,6795151359526,6795151367333,16.27,16.22,1.06,0.000,0.78
144,6795151520250,6795151523153,6795151523248,6795151523248,6795151531263,16.35,16.39,1.10,0.000,0.80
145,6795151683388,6795151686244,6795151686306,6795151686306,6795151694621,16.31,16.34,1.12,0.000,0.83
146,6795151847331,6795151850037,6795151850107,6795151850107,6795151858163,16.39,16.35,1.08,0.000,0.81
147,6795152010010,6795152012752,6795152012821,6795152012821,6795152020396,16.27,16.22,1.04,0.000,0.76
148,6795152172486,6795152175182,6795152175261,6795152175261,6795152183092,16.25,16.27,1.06,0.000,0.78
149,6795152336450,6795152339737,6795152339819,6795152339819,6795152347821,16.40,16.47,1.14,0.000,0.80
150,6795152499178,6795152501942,6795152502020,6795152502020,6795152509639,16.27,16.18,1.05,0.000,0.76
151,6795152661746,6795152664930,6795152664999,6795152664999,6795152672779,16.26,16.31,1.10,0.000,0.78
152,6795152824753,6795152828163,6795152828229,6795152828229,6795152837196,16.30,16.44,1.24,0.000,0.90
153,6795152988476,6795152991688,6795152991773,6795152991773,6795152999649,16.37,16.25,1.12,0.000,0.79
154,6795153151715,6795153154602,6795153154665,6795153154665,6795153162530,16.32,16.29,1.08,0.000,0.79
155,6795153314419,6795153317239,6795153317278,6795153317278,6795153325106,16.27,16.26,1.07,0.000,0.78
156,6795153477379,6795153480906,6795153480987,6795153480987,6795153489563,16.30,16.45,1.22,0.000,0.86
157,6795153642509,6795153646228,6795153646422,6795153646422,6795153655695,16.51,16.61,1.32,0.000,0.93
158,6795153805640,6795153809728,6795153809814,6795153809814,6795153818129,16.31,16.24,1.25,0.000,0.83
159,6795153968779,6795153972906,6795153972999,6795153972999,6795153980952,16.31,16.28,1.22,0.000,0.80
160,6795154131278,6795154136599,6795154136692,6795154136692,6795154145810,16.25,16.49,1.45,0.000,0.91
161,6795154293347,6795154296246,6795154296329,6795154296329,6795154304424,16.21,15.86,1.11,0.000,0.81
162,6795154456131,6795154458926,6795154459023,6795154459023,6795154467520,16.28,16.31,1.14,0.000,0.85
163,6795154619506,6795154622301,6795154622374,6795154622374,6795154630434,16.34,16.29,1.09,0.000,0.81
164,6795154783080,6795154785836,6795154785951,6795154785951,6795154795051,16.36,16.46,1.20,0.000,0.91
165,6795154945285,6795154948130,6795154948206,6795154948206,6795154956014,16.22,16.10,1.07,0.000,0.78
166,6795155108896,6795155111614,6795155111682,6795155111682,6795155119774,16.36,16.38,1.09,0.000,0.81
167,6795155272225,6795155275690,6795155275763,6795155275763,6795155283990,16.33,16.42,1.18,0.000,0.82
168,6795155435649,6795155438992,6795155439072,6795155439072,6795155447191,16.34,16.32,1.15,0.000,0.81
169,6795155599132,6795155602033,6795155602113,6795155602113,6795155610359,16.35,16.32,1.12,0.000,0.82
170,6795155761323,6795155764214,6795155764292,6795155764292,6795155772544,16.22,16.22,1.12,0.000,0.83
171,6795155924511,6795155927459,6795155927541,6795155927541,6795155936282,16.32,16.37,1.18,0.000,0.87
172,6795156087680,6795156090882,6795156090961,6795156090961,6795156098702,16.32,16.24,1.10,0.000,0.77
173,6795156251164,6795156254121,6795156254193,6795156254193,6795156261723,16.35,16.30,1.06,0.000,0.75
174,6795156414904,6795156417701,6795156417745,6795156417745,6795156425301,16.37,16.36,1.04,0.000,0.76
175,6795156576235,6795156579387,6795156579459,6795156579459,6795156587312,16.13,16.20,1.11,0.000,0.79
176,6795156740189,6795156743459,6795156743515,6795156743515,6795156752204,16.40,16.49,1.20,0.000,0.87
177,6795156903327,6795156906061,6795156906126,6795156906126,6795156913924,16.31,16.17,1.06,0.000,0.78
178,6795157066068,6795157069461,6795157069535,6795157069535,6795157077601,16.27,16.37,1.15,0.000,0.81
179,6795157229700,6795157233632,6795157233719,6795157233719,6795157243495,16.36,16.59,1.38,0.000,0.98
180,6795157393123,6795157396798,6795157396881,6795157396881,6795157406107,16.34,16.26,1.30,0.000,0.92
181,6795157555713,6795157558883,6795157558955,6795157558955,6795157568361,16.26,16.23,1.26,0.000,0.94
182,6795157718270,6795157721517,6795157721594,6795157721594,6795157729917,16.26,16.16,1.16,0.000,0.83
183,6795157881949,6795157885368,6795157885440,6795157885440,6795157894317,16.37,16.44,1.24,0.000,0.89
184,6795158046447,6795158049964,6795158050064,6795158050064,6795158059264,16.45,16.49,1.28,0.000,0.92
185,6795158213544,6795158219061,6795158219161,6795158219161,6795158228102,16.71,16.88,1.46,0.000,0.89
186,6795158377194,6795158380874,6795158380978,6795158380978,6795158390365,16.36,16.23,1.32,0.000,0.94
187,6795158534076,6795158537886,6795158537976,6795158537976,6795158546566,15.69,15.62,1.25,0.000,0.86
188,6795158696966,6795158700054,6795158700145,6795158700145,6795158708271,16.29,16.17,1.13,0.000,0.81
189,6795158860177,6795158863099,6795158863180,6795158863180,6795158871299,16.32,16.30,1.11,0.000,0.81
190,6795159023396,6795159026223,6795159026273,6795159026273,6795159034960,16.32,16.37,1.16,0.000,0.87
191,6795159186741,6795159190039,6795159190131,6795159190131,6795159198356,16.33,16.34,1.16,0.000,0.82
192,6795159349958,6795159353118,6795159353192,6795159353192,6795159361478,16.32,16.31,1.15,0.000,0.83
193,6795159512854,6795159515845,6795159515896,6795159515896,6795159524298,16.29,16.28,1.14,0.000,0.84
194,6795159675968,6795159678641,6795159678726,6795159678726,6795159686978,16.31,16.27,1.10,0.000,0.83
195,6795159839415,6795159842641,6795159842712,6795159842712,6795159851411,16.34,16.44,1.20,0.000,0.87
196,6795160002114,6795160004906,6795160004983,6795160004983,6795160013531,16.27,16.21,1.14,0.000,0.85
197,6795160166198,6795160169037,6795160169121,6795160169121,6795160177415,16.41,16.39,1.12,0.000,0.83
198,6795160327767,6795160330718,6795160330819,6795160330819,6795160340103,16.16,16.27,1.23,0.000,0.93
199,6795160491586,6795160494345,6795160494408,6795160494408,6795160502438,16.38,16.23,1.09,0.000,0.80
200,6795160654906,6795160657620,6795160657697,6795160657697,6795160665807,16.33,16.34,1.09,0.000,0.81
201,6795160820139,6795160822881,6795160822958,6795160822958,6795160831078,16.52,16.53,1.09,0.000,0.81
202,6795160981138,6795160984399,6795160984484,6795160984484,6795160992974,16.10,16.19,1.18,0.000,0.85
203,6795161145173,6795161148259,6795161148353,6795161148353,6795161156700,16.40,16.37,1.15,0.000,0.83
204,6795161307682,6795161311315,6795161311383,6795161311383,6795161320544,16.25,16.38,1.29,0.000,0.92
205,6795161470062,6795161473025,6795161473094,6795161473094,6795161481669,16.24,16.11,1.16,0.000,0.86
206,6795161634331,6795161637922,6795161638011,6795161638011,6795161647404,16.43,16.57,1.31,0.000,0.94
207,6795161797018,6795161799856,6795161799932,6795161799932,6795161808263,16.27,16.09,1.12,0.000,0.83
208,6795161960474,6795161963531,6795161963595,6795161963595,6795161977544,16.35,16.93,1.71,0.000,1.39
209,6795162123795,6795162126520,6795162126579,6795162126579,6795162135146,16.33,15.76,1.14,0.000,0.86
210,6795162286853,6795162289589,6795162289686,6795162289686,6795162298689,16.31,16.35,1.18,0.000,0.90
211,6795162450417,6795162453128,6795162453198,6795162453198,6795162461186,16.36,16.25,1.08,0.000,0.80
212,6795162612401,6795162615350,6795162615428,6795162615428,6795162623584,16.20,16.24,1.12,0.000,0.82
213,6795162776162,6795162778985,6795162779049,6795162779049,6795162787182,16.38,16.36,1.10,0.000,0.81
214,6795162940981,6795162944597,6795162944703,6795162944703,6795162953090,16.48,16.59,1.21,0.000,0.84
215,6795163102299,6795163105370,6795163105448,6795163105448,6795163113430,16.13,16.03,1.11,0.000,0.80
216,6795163264760,6795163267828,6795163267922,6795163267922,6795163277098,16.25,16.37,1.23,0.000,0.92
217,6795163428511,6795163431940,6795163432019,6795163432019,6795163441348,16.38,16.43,1.28,0.000,0.93
218,6795163591284,6795163594655,6795163594726,6795163594726,6795163603688,16.28,16.23,1.24,0.000,0.90
219,6795163754783,6795163758097,6795163758178,6795163758178,6795163766552,16.35,16.29,1.18,0.000,0.84
220,6795163917740,6795163920928,6795163921020,6795163921020,6795163929122,16.30,16.26,1.14,0.000,0.81
221,6795164080642,6795164083716,6795164083786,6795164083786,6795164092236,16.29,16.31,1.16,0.000,0.84
222,6795164244426,6795164247806,6795164247905,6795164247905,6795164255936,16.38,16.37,1.15,0.000,0.80
223,6795164407077,6795164410103,6795164410166,6795164410166,6795164417975,16.27,16.20,1.09,0.000,0.78
224,6795164570799,6795164573785,6795164573836,6795164573836,6795164582066,16.37,16.41,1.13,0.000,0.82
225,6795164733904,6795164737996,6795164738089,6795164738089,6795164748097,16.31,16.60,1.42,0.000,1.00
226,6795164898337,6795164902129,6795164902221,6795164902221,6795164911103,16.44,16.30,1.28,0.000,0.89
227,6795165059659,6795165063062,6795165063143,6795165063143,6795165072632,16.13,16.15,1.30,0.000,0.95
228,6795165222915,6795165226014,6795165226087,6795165226087,6795165236279,16.33,16.36,1.34,0.000,1.02
229,6795165386158,6795165389259,6795165389337,6795165389337,6795165398429,16.32,16.21,1.23,0.000,0.91
230,6795165550461,6795165553464,6795165553536,6795165553536,6795165562317,16.43,16.39,1.19,0.000,0.88
231,6795165712169,6795165715157,6795165715225,6795165715225,6795165724378,16.17,16.21,1.22,0.000,0.92
232,6795165875335,6795165878124,6795165878200,6795165878200,6795165887443,16.32,16.31,1.21,0.000,0.92
233,6795166040139,6795166044433,6795166044512,6795166044512,6795166054181,16.48,16.67,1.40,0.000,0.97
234,6795166202523,6795166205232,6795166205308,6795166205308,6795166213474,16.24,15.93,1.10,0.000,0.82
235,6795166364045,6795166366779,6795166366856,6795166366856,6795166383617,16.15,17.01,1.96,0.000,1.68
236,6795166527371,6795166530539,6795166530605,6795166530605,6795166540076,16.33,15.65,1.27,0.000,0.95
237,6795166691380,6795166694865,6795166694952,6795166694952,6795166703070,16.40,16.30,1.17,0.000,0.81
238,6795166854090,6795166856945,6795166857021,6795166857021,6795166865136,16.27,16.21,1.10,0.000,0.81
239,6795167016594,6795167019572,6795167019656,6795167019656,6795167027411,16.25,16.23,1.08,0.000,0.78
240,6795167180064,6795167182938,6795167182988,6795167182988,6795167191110,16.35,16.37,1.10,0.000,0.81
241,6795167344009,6795167347124,6795167347171,6795167347171,6795167355624,16.39,16.45,1.16,0.000,0.85
242,6795167505952,6795167508671,6795167508729,6795167508729,6795167516727,16.19,16.11,1.08,0.000,0.80
243,6795167670342,6795167673081,6795167673150,6795167673150,6795167681275,16.44,16.45,1.09,0.000,0.81
244,6795167833167,6795167836673,6795167836759,6795167836759,6795167847645,16.28,16.64,1.45,0.000,1.09
245,6795167995610,6795167998286,6795167998359,6795167998359,6795168006544,16.24,15.89,1.09,0.000,0.82
246,6795168158419,6795168161313,6795168161410,6795168161410,6795168169800,16.28,16.33,1.14,0.000,0.84
247,6795168326217,6795168330506,6795168330598,6795168330598,6795168342528,16.78,17.27,1.63,0.000,1.19
248,6795168487455,6795168491184,6795168491283,6795168491283,6795168500682,16.12,15.82,1.32,0.000,0.94
249,6795168649029,6795168652758,6795168652833,6795168652833,6795168661561,16.16,16.09,1.25,0.000,0.87
250,6795168812407,6795168818114,6795168818206,6795168818206,6795168826772,16.34,16.52,1.44,0.000,0.86
251,6795168974451,6795168977558,6795168977642,6795168977642,6795168989853,16.20,16.31,1.54,0.000,1.22
252,6795169137910,6795169141144,6795169141232,6795169141232,6795169150610,16.35,16.08,1.27,0.000,0.94
253,6795169301206,6795169304257,6795169304334,6795169304334,6795169313057,16.33,16.24,1.19,0.000,0.87
254,6795169464515,6795169467564,6795169467647,6795169467647,6795169476120,16.33,16.31,1.16,0.000,0.85
255,6795169626115,6795169628884,6795169628964,6795169628964,6795169637975,16.16,16.19,1.19,0.000,0.90
256,6795169789901,6795169792642,6795169792721,6795169792721,6795169801384,16.38,16.34,1.15,0.000,0.87
257,6795169953602,6795169956398,6795169956480,6795169956480,6795169964663,16.37,16.33,1.11,0.000,0.82
258,6795170116232,6795170118937,6795170119015,6795170119015,6795170127353,16.26,16.27,1.11,0.000,0.83
259,6795170279161,6795170282092,6795170282188,6795170282188,6795170290203,16.29,16.29,1.10,0.000,0.80
260,6795170443137,6795170446095,6795170446175,6795170446175,6795170454692,16.40,16.45,1.16,0.000,0.85
261,6795170605280,6795170608056,6795170608122,6795170608122,6795170616317,16.21,16.16,1.10,0.000,0.82
262,6795170768865,6795170771581,6795170771656,6795170771656,6795170779958,16.36,16.36,1.11,0.000,0.83
263,6795170932118,6795170935724,6795170935810,6795170935810,6795170946682,16.33,16.67,1.46,0.000,1.09
264,6795171095174,6795171097875,6795171097949,6795171097949,6795171105983,16.31,15.93,1.08,0.000,0.80
265,6795171258023,6795171260896,6795171260965,6795171260965,6795171269084,16.28,16.31,1.11,0.000,0.81
266,6795171421034,6795171423761,6795171423848,6795171423848,6795171431912,16.30,16.28,1.09,0.000,0.81
267,6795171583900,6795171586722,6795171586791,6795171586791,6795171594914,16.29,16.30,1.10,0.000,0.81
268,6795171747507,6795171750357,6795171750431,6795171750431,6795171758757,16.36,16.38,1.12,0.000,0.83
269,6795171910449,6795171913299,6795171913371,6795171913371,6795171921387,16.29,16.26,1.09,0.000,0.80
270,6795172074284,6795172077190,6795172077264,6795172077264,6795172085483,16.38,16.41,1.12,0.000,0.82
271,6795172237387,6795172240838,6795172240909,6795172240909,6795172249220,16.31,16.37,1.18,0.000,0.83
272,6795172400131,6795172403520,6795172403593,6795172403593,6795172411634,16.27,16.24,1.15,0.000,0.80
273,6795172563380,6795172566266,6795172566351,6795172566351,6795172575318,16.32,16.37,1.19,0.000,0.90
274,6795172727444,6795172730626,6795172730667,6795172730667,6795172740811,16.41,16.55,1.34,0.000,1.01
275,6795172890121,6795172893687,6795172893772,6795172893772,6795172908226,16.27,16.74,1.81,0.000,1.45
276,6795173052919,6795173056331,6795173056399,6795173056399,6795173068418,16.28,16.02,1.55,0.000,1.20
277,6795173216679,6795173220041,6795173220100,6795173220100,6795173229166,16.38,16.07,1.25,0.000,0.91
278,6795173378925,6795173381805,6795173382056,6795173382056,6795173391068,16.22,16.19,1.21,0.000,0.90
279,6795173543250,6795173546371,6795173546412,6795173546412,6795173555173,16.43,16.41,1.19,0.000,0.88
280,6795173705697,6795173708789,6795173708850,6795173708850,6795173719225,16.24,16.41,1.35,0.000,1.04
281,6795173868449,6795173871200,6795173871288,6795173871288,6795173883794,16.28,16.46,1.53,0.000,1.25
282,6795174030931,6795174034097,6795174034188,6795174034188,6795174044135,16.25,16.03,1.32,0.000,0.99
283,6795174195249,6795174198166,6795174198216,6795174198216,6795174206487,16.43,16.24,1.12,0.000,0.83
284,6795174357971,6795174360781,6795174360857,6795174360857,6795174369241,16.27,16.28,1.13,0.000,0.84
285,6795174520609,6795174523479,6795174523565,6795174523565,6795174531798,16.26,16.26,1.12,0.000,0.82
286,6795174683942,6795174686653,6795174686729,6795174686729,6795174695224,16.33,16.34,1.13,0.000,0.85
287,6795174848005,6795174850703,6795174850781,6795174850781,6795174858911,16.41,16.37,1.09,0.000,0.81
288,6795175009735,6795175012453,6795175012522,6795175012522,6795175020855,16.17,16.19,1.11,0.000,0.83
289,6795175173690,6795175176716,6795175176796,6795175176796,6795175185116,16.40,16.43,1.14,0.000,0.83
290,6795175336922,6795175340536,6795175340626,6795175340626,6795175349446,16.32,16.43,1.25,0.000,0.88
291,6795175499987,6795175503007,6795175503092,6795175503092,6795175511568,16.31,16.21,1.16,0.000,0.85
292,6795175663096,6795175665799,6795175665873,6795175665873,6795175674451,16.31,16.29,1.14,0.000,0.86
293,6795175826947,6795175830019,6795175830093,6795175830093,6795175839641,16.39,16.52,1.27,0.000,0.95
294,6795175990699,6795175994126,6795175994209,6795175994209,6795176004983,16.38,16.53,1.43,0.000,1.08
295,6795176153539,6795176156541,6795176156617,6795176156617,6795176165741,16.28,16.08,1.22,0.000,0.91
296,6795176315958,6795176319020,6795176319101,6795176319101,6795176328167,16.24,16.24,1.22,0.000,0.91
297,6795176479676,6795176483310,6795176483392,6795176483392,6795176492682,16.37,16.45,1.30,0.000,0.93
298,6795176643045,6795176646615,6795176646711,6795176646711,6795176656787,16.34,16.41,1.37,0.000,1.01
299,6795176806192,6795176809321,6795176809405,6795176809405,6795176817878,16.31,16.11,1.17,0.000,0.85
300,6795176968622,6795176971565,6795176971632,6795176971632,6795176980502,16.24,16.26,1.19,0.000,0.89
301,6795177131302,6795177134160,6795177134220,6795177134220,6795177143313,16.27,16.28,1.20,0.000,0.91
302,6795177294088,6795177297272,6795177297364,6795177297364,6795177307482,16.28,16.42,1.34,0.000,1.01
303,6795177457811,6795177460727,6795177460809,6795177460809,6795177468867,16.37,16.14,1.11,0.000,0.81
304,6795177620328,6795177623028,6795177623096,6795177623096,6795177631160,16.25,16.23,1.08,0.000,0.81
305,6795177783070,6795177785834,6795177785902,6795177785902,6795177794071,16.27,16.29,1.10,0.000,0.82
306,6795177946577,6795177949801,6795177949880,6795177949880,6795177958381,16.35,16.43,1.18,0.000,0.85
307,6795178110157,6795178112945,6795178113005,6795178113005,6795178120762,16.36,16.24,1.06,0.000,0.78
308,6795178278470,6795178284866,6795178285011,6795178285011,6795178298013,16.83,17.73,1.95,0.000,1.30
309,6795178436346,6795178439843,6795178439922,6795178439922,6795178449461,15.79,15.14,1.31,0.000,0.95
310,6795178598968,6795178602106,6795178602198,6795178602198,6795178610602,16.26,16.11,1.16,0.000,0.84
311,6795178762326,6795178765065,6795178765137,6795178765137,6795178773415,16.34,16.28,1.11,0.000,0.83
312,6795178925471,6795178928537,6795178928612,6795178928612,6795178942409,16.31,16.90,1.69,0.000,1.38
313,6795179088269,6795179091384,6795179091461,6795179091461,6795179100485,16.28,15.81,1.22,0.000,0.90
314,6795179251971,6795179255299,6795179255378,6795179255378,6795179264232,16.37,16.37,1.23,0.000,0.89
315,6795179414755,6795179417686,6795179417751,6795179417751,6795179426361,16.28,16.21,1.16,0.000,0.86
316,6795179578886,6795179582062,6795179582131,6795179582131,6795179590771,16.41,16.44,1.19,0.000,0.86
317,6795179741843,6795179745192,6795179745280,6795179745280,6795179753807,16.30,16.30,1.20,0.000,0.85
318,6795179903913,6795179906585,6795179906658,6795179906658,6795179914957,16.21,16.11,1.10,0.000,0.83
319,6795180067439,6795180070391,6795180070473,6795180070473,6795180078807,16.35,16.39,1.14,0.000,0.83
320,6795180230744,6795180233591,6795180233653,6795180233653,6795180243440,16.33,16.46,1.27,0.000,0.98
321,6795180393597,6795180396902,6795180396995,6795180396995,6795180408544,16.29,16.51,1.49,0.000,1.15
322,6795180557041,6795180560092,6795180560173,6795180560173,6795180569114,16.34,16.06,1.21,0.000,0.89
323,6795180720355,6795180723508,6795180723571,6795180723571,6795180732177,16.33,16.31,1.18,0.000,0.86
324,6795180883277,6795180886325,6795180886393,6795180886393,6795180894914,16.29,16.27,1.16,0.000,0.85
325,6795181046630,6795181049793,6795181049870,6795181049870,6795181058775,16.34,16.39,1.21,0.000,0.89
326,6795181209161,6795181212487,6795181212566,6795181212566,6795181221550,16.25,16.28,1.24,0.000,0.90
327,6795181372544,6795181375483,6795181375572,6795181375572,6795181383761,16.34,16.22,1.12,0.000,0.82
328,6795181534513,6795181538208,6795181538279,6795181538279,6795181548272,16.20,16.45,1.38,0.000,1.00
329,6795181699079,6795181701988,6795181702071,6795181702071,6795181710254,16.46,16.20,1.12,0.000,0.82
330,6795181862310,6795181865107,6795181865179,6795181865179,6795181873463,16.32,16.32,1.12,0.000,0.83
331,6795182024778,6795182027681,6795182027745,6795182027745,6795182036491,16.25,16.30,1.17,0.000,0.87
332,6795182187964,6795182191108,6795182191182,6795182191182,6795182199196,16.32,16.27,1.12,0.000,0.80
333,6795182351104,6795182353886,6795182353969,6795182353969,6795182362019,16.31,16.28,1.09,0.000,0.81
334,6795182514187,6795182517371,6795182517449,6795182517449,6795182525870,16.31,16.39,1.17,0.000,0.84
335,6795182677256,6795182679989,6795182680072,6795182680072,6795182688113,16.31,16.22,1.09,0.000,0.80
336,6795182840569,6795182843856,6795182843931,6795182843931,6795182852315,16.33,16.42,1.17,0.000,0.84
337,6795183003846,6795183006586,6795183006659,6795183006659,6795183014731,16.33,16.24,1.09,0.000,0.81
338,6795183166688,6795183169762,6795183169848,6795183169848,6795183178038,16.28,16.33,1.14,0.000,0.82
339,6795183329442,6795183332311,6795183332401,6795183332401,6795183341141,16.28,16.31,1.17,0.000,0.87
340,6795183493522,6795183497091,6795183497188,6795183497188,6795183506620,16.41,16.55,1.31,0.000,0.94
341,6795183656356,6795183659315,6795183659408,6795183659408,6795183667756,16.28,16.11,1.14,0.000,0.83
342,6795183819695,6795183823526,6795183823603,6795183823603,6795183832719,16.33,16.50,1.30,0.000,0.91
343,6795183983571,6795183987069,6795183987151,6795183987151,6795183996179,16.39,16.35,1.26,0.000,0.90
344,6795184147202,6795184150495,6795184150572,6795184150572,6795184160905,16.36,16.47,1.37,0.000,1.03
345,6795184308400,6795184311782,6795184311855,6795184311855,6795184322823,16.12,16.19,1.44,0.000,1.10
346,6795184472457,6795184475944,6795184476023,6795184476023,6795184485652,16.41,16.28,1.32,0.000,0.96
347,6795184643268,6795184646956,6795184647038,6795184647038,6795184655582,17.08,16.99,1.23,0.000,0.85
348,6795184798125,6795184801406,6795184801503,6795184801503,6795184811342,15.49,15.58,1.32,0.000,0.98
349,6795184961335,6795184964057,6795184964137,6795184964137,6795184972681,16.32,16.13,1.13,0.000,0.85
350,6795185124487,6795185127207,6795185127300,6795185127300,6795185136848,16.32,16.42,1.24,0.000,0.95
351,6795185287003,6795185290373,6795185290450,6795185290450,6795185298766,16.25,16.19,1.18,0.000,0.83
352,6795185450127,6795185452975,6795185453046,6795185453046,6795185461565,16.31,16.28,1.14,0.000,0.85
353,6795185613329,6795185616225,6795185616302,6795185616302,6795185624212,16.32,16.26,1.09,0.000,0.79
354,6795185776982,6795185780102,6795185780157,6795185780157,6795185788188,16.37,16.40,1.12,0.000,0.80
355,6795185939386,6795185942762,6795185942832,6795185942832,6795185951287,16.24,16.31,1.19,0.000,0.85
356,6795186102877,6795186106283,6795186106334,6795186106334,6795186114564,16.35,16.33,1.17,0.000,0.82
357,6795186266340,6795186269463,6795186269526,6795186269526,6795186277336,16.35,16.28,1.10,0.000,0.78
358,6795186428610,6795186431363,6795186431388,6795186431388,6795186442145,16.23,16.48,1.35,0.000,1.08
359,6795186428610,6795186431363,6795186442269,6795186442269,6795186550808,0.00,10.87,12.22,0.000,10.85
360,6795186592033,6795186594693,6795186594810,6795186594810,6795186635800,16.34,8.50,4.38,0.000,4.10
361,6795186755061,6795186757813,6795186757901,6795186757901,6795186766001,16.30,13.02,1.09,0.000,0.81
362,6795186917807,6795186921003,6795186921119,6795186921119,6795186930367,16.27,16.44,1.26,0.000,0.92
363,6795187081816,6795187085141,6795187085222,6795187085222,6795187094042,16.40,16.37,1.22,0.000,0.88
364,6795187245628,6795187249602,6795187249700,6795187249700,6795187259646,16.38,16.56,1.40,0.000,0.99
365,6795187408507,6795187411969,6795187412075,6795187412075,6795187420549,16.29,16.09,1.20,0.000,0.85
366,6795187572221,6795187575711,6795187576197,6795187576197,6795187585751,16.37,16.52,1.35,0.000,0.96
367,6795187733338,6795187737094,6795187737177,6795187737177,6795187746891,16.11,16.11,1.36,0.000,0.97
368,6795187897587,6795187901018,6795187901136,6795187901136,6795187912631,16.42,16.57,1.50,0.000,1.15
369,6795188061473,6795188064855,6795188064958,6795188064958,6795188074900,16.39,16.23,1.34,0.000,0.99
370,6795188226016,6795188230689,6795188230896,6795188230896,6795188250821,16.45,17.59,2.48,0.000,1.99
371,6795188392200,6795188395822,6795188395906,6795188395906,6795188409155,16.62,15.83,1.70,0.000,1.32
372,6795188553088,6795188557285,6795188557363,6795188557363,6795188567017,16.09,15.79,1.39,0.000,0.97
373,6795188712398,6795188715129,6795188715195,6795188715195,6795188723949,15.93,15.69,1.16,0.000,0.88
374,6795188876941,6795188879868,6795188879951,6795188879951,6795188889823,16.45,16.59,1.29,0.000,0.99
375,6795189039154,6795189042872,6795189042968,6795189042968,6795189052374,16.22,16.26,1.32,0.000,0.94
376,6795189201699,6795189204452,6795189204522,6795189204522,6795189212890,16.25,16.05,1.12,0.000,0.84
377,6795189365334,6795189368303,6795189368389,6795189368389,6795189377027,16.36,16.41,1.17,0.000,0.86
378,6795189528651,6795189531521,6795189531721,6795189531721,6795189545769,16.33,16.87,1.71,0.000,1.40
379,6795189692075,6795189694988,6795189695076,6795189695076,6795189704186,16.34,15.84,1.21,0.000,0.91
380,6795189854183,6795189856885,6795189856979,6795189856979,6795189865682,16.21,16.15,1.15,0.000,0.87
381,6795190017932,6795190020657,6795190020740,6795190020740,6795190028767,16.37,16.31,1.08,0.000,0.80
382,6795190183816,6795190186542,6795190186622,6795190186622,6795190195336,16.59,16.66,1.15,0.000,0.87
383,6795190343854,6795190347230,6795190347359,6795190347359,6795190356024,16.00,16.07,1.22,0.000,0.87
384,6795190507100,6795190509772,6795190509837,6795190509837,6795190518237,16.32,16.22,1.11,0.000,0.84
385,6795190670666,6795190673427,6795190673506,6795190673506,6795190681747,16.36,16.35,1.11,0.000,0.82
386,6795190833029,6795190835848,6795190835986,6795190835986,6795190845620,16.24,16.39,1.26,0.000,0.96
387,6795190996765,6795190999473,6795190999546,6795190999546,6795191007856,16.37,16.22,1.11,0.000,0.83
388,6795191160383,6795191163407,6795191163493,6795191163493,6795191171799,16.36,16.39,1.14,0.000,0.83
389,6795191322510,6795191325794,6795191325864,6795191325864,6795191334750,16.21,16.30,1.22,0.000,0.89
390,6795191486143,6795191488819,6795191488897,6795191488897,6795191497430,16.36,16.27,1.13,0.000,0.85
391,6795191650444,6795191653752,6795191653971,6795191653971,6795191664783,16.43,16.74,1.43,0.000,1.08
392,6795191811641,6795191815048,6795191815115,6795191815115,6795191823336,16.12,15.86,1.17,0.000,0.82
393,6795191975453,6795191978664,6795191978736,6795191978736,6795191987114,16.38,16.38,1.17,0.000,0.84
394,6795192138407,6795192142023,6795192142104,6795192142104,6795192151028,16.30,16.39,1.26,0.000,0.89
395,6795192301980,6795192305154,6795192305233,6795192305233,6795192315229,16.36,16.42,1.32,0.000,1.00
396,6795192464414,6795192467373,6795192467441,6795192467441,6795192475986,16.24,16.08,1.16,0.000,0.85
397,6795192627471,6795192630173,6795192630247,6795192630247,6795192638869,16.31,16.29,1.14,0.000,0.86
398,6795192790556,6795192793385,6795192793470,6795192793470,6795192802375,16.31,16.35,1.18,0.000,0.89
399,6795192953997,6795192957185,6795192957261,6795192957261,6795192966056,16.34,16.37,1.21,0.000,0.88
400,6795193116679,6795193119404,6795193119471,6795193119471,6795193127772,16.27,16.17,1.11,0.000,0.83
401,6795193279911,6795193283095,6795193283177,6795193283177,6795193291527,16.32,16.38,1.16,0.000,0.83
402,6795193443695,6795193447271,6795193447360,6795193447360,6795193456425,16.38,16.49,1.27,0.000,0.91
403,6795193606125,6795193609045,6795193609139,6795193609139,6795193618084,16.24,16.17,1.20,0.000,0.89
404,6795193769047,6795193771775,6795193771860,6795193771860,6795193781119,16.29,16.30,1.21,0.000,0.93
405,6795193933019,6795193935831,6795193935899,6795193935899,6795193945115,16.40,16.40,1.21,0.000,0.92
406,6795194095794,6795194098673,6795194098733,6795194098733,6795194107144,16.28,16.20,1.14,0.000,0.84
407,6795194259469,6795194262165,6795194262238,6795194262238,6795194270183,16.37,16.30,1.07,0.000,0.79
408,6795194421880,6795194424726,6795194424794,6795194424794,6795194433114,16.24,16.29,1.12,0.000,0.83
409,6795194584714,6795194587517,6795194587587,6795194587587,6795194595658,16.28,16.25,1.09,0.000,0.81
410,6795194748420,6795194751640,6795194751726,6795194751726,6795194760559,16.37,16.49,1.21,0.000,0.88
411,6795194911922,6795194914863,6795194914961,6795194914961,6795194923088,16.35,16.25,1.12,0.000,0.81
412,6795195075138,6795195078023,6795195078131,6795195078131,6795195087050,16.32,16.40,1.19,0.000,0.89
413,6795195075138,6795195078023,6795195087176,6795195087176,6795195134217,0.00,4.72,5.91,0.000,4.70
414,6795195237664,6795195241326,6795195241437,6795195241437,6795195303764,16.25,16.95,6.61,0.000,6.23
415,6795195401136,6795195404056,6795195404132,6795195404132,6795195412504,16.35,10.87,1.14,0.000,0.84
416,6795195564563,6795195567477,6795195567572,6795195567572,6795195576382,16.34,16.39,1.18,0.000,0.88
417,6795195727069,6795195730161,6795195730241,6795195730241,6795195738854,16.25,16.25,1.18,0.000,0.86
418,6795195890057,6795195893249,6795195893327,6795195893327,6795195901910,16.30,16.31,1.19,0.000,0.86
419,6795196055001,6795196059234,6795196059335,6795196059335,6795196068269,16.49,16.64,1.33,0.000,0.89
420,6795196216355,6795196219493,6795196219577,6795196219577,6795196228144,16.14,15.99,1.18,0.000,0.86
421,6795196379357,6795196382058,6795196382132,6795196382132,6795196390685,16.30,16.25,1.13,0.000,0.86
422,6795196542753,6795196546189,6795196546509,6795196546509,6795196556093,16.34,16.54,1.33,0.000,0.96
423,6795196705909,6795196709240,6795196709322,6795196709322,6795196720351,16.32,16.43,1.44,0.000,1.10
424,6795196868276,6795196870981,6795196871080,6795196871080,6795196886461,16.24,16.61,1.82,0.000,1.54
425,6795197031539,6795197034360,6795197034441,6795197034441,6795197045330,16.33,15.89,1.38,0.000,1.09
426,6795197194533,6795197197456,6795197197544,6795197197544,6795197205809,16.30,16.05,1.13,0.000,0.83
427,6795197357818,6795197361333,6795197361409,6795197361409,6795197369307,16.33,16.35,1.15,0.000,0.79
428,6795197521609,6795197524857,6795197524912,6795197524912,6795197533398,16.38,16.41,1.18,0.000,0.85
429,6795197684060,6795197686740,6795197686826,6795197686826,6795197695282,16.25,16.19,1.12,0.000,0.85
430,6795197847582,6795197850780,6795197850956,6795197850956,6795197860293,16.35,16.50,1.27,0.000,0.93
431,6795198010710,6795198013687,6795198013761,6795198013761,6795198022394,16.31,16.21,1.17,0.000,0.86
432,6795198181168,6795198185371,6795198185431,6795198185431,6795198196296,17.05,17.39,1.51,0.000,1.09
433,6795198339907,6795198344334,6795198344432,6795198344432,6795198359486,15.87,16.32,1.96,0.000,1.51
434,6795198507265,6795198513651,6795198513787,6795198513787,6795198526637,16.74,16.72,1.94,0.000,1.28
435,6795198670576,6795198676096,6795198676198,6795198676198,6795198685879,16.33,15.92,1.53,0.000,0.97
436,6795198829510,6795198834260,6795198834364,6795198834364,6795198847534,15.89,16.17,1.80,0.000,1.32
437,6795198989382,6795198992444,6795198992530,6795198992530,6795199001812,15.99,15.43,1.24,0.000,0.93
438,6795199155045,6795199159027,6795199159216,6795199159216,6795199172067,16.57,17.03,1.70,0.000,1.29
439,6795199316286,6795199319550,6795199319624,6795199319624,6795199327886,16.12,15.58,1.16,0.000,0.83
440,6795199478481,6795199481745,6795199481815,6795199481815,6795199490520,16.22,16.26,1.20,0.000,0.87
441,6795199642224,6795199645979,6795199646080,6795199646080,6795199657448,16.37,16.69,1.52,0.000,1.14
442,6795199805275,6795199808634,6795199808759,6795199808759,6795199818161,16.31,16.07,1.29,0.000,0.94
443,6795199970889,6795199974509,6795199974593,6795199974593,6795199982952,16.56,16.48,1.21,0.000,0.84
444,6795200132129,6795200135954,6795200136054,6795200136054,6795200148570,16.12,16.56,1.64,0.000,1.25
445,6795200293955,6795200296797,6795200296901,6795200296901,6795200305164,16.18,15.66,1.12,0.000,0.83
446,6795200459623,6795200463591,6795200463674,6795200463674,6795200473043,16.57,16.79,1.34,0.000,0.94
447,6795200619843,6795200622563,6795200622645,6795200622645,6795200631192,16.02,15.81,1.13,0.000,0.85
448,6795200783346,6795200786199,6795200786284,6795200786284,6795200795032,16.35,16.38,1.17,0.000,0.87
449,6795200947248,6795200950789,6795200950890,6795200950890,6795200959387,16.39,16.44,1.21,0.000,0.85
450,6795201109996,6795201112785,6795201112873,6795201112873,6795201121225,16.27,16.18,1.12,0.000,0.84
451,6795201273124,6795201275839,6795201275918,6795201275918,6795201284486,16.31,16.33,1.14,0.000,0.86
452,6795201435997,6795201439227,6795201439312,6795201439312,6795201449436,16.29,16.50,1.34,0.000,1.01
453,6795201598507,6795201601419,6795201601496,6795201601496,6795201609741,16.25,16.03,1.12,0.000,0.82
454,6795201762061,6795201764831,6795201764916,6795201764916,6795201773446,16.36,16.37,1.14,0.000,0.85
455,6795201925608,6795201928897,6795201928970,6795201928970,6795201937472,16.35,16.40,1.19,0.000,0.85
456,6795202088610,6795202091344,6795202091421,6795202091421,6795202100028,16.30,16.26,1.14,0.000,0.86
457,6795202252871,6795202256003,6795202256101,6795202256101,6795202264218,16.43,16.42,1.13,0.000,0.81
458,6795202414894,6795202417692,6795202417764,6795202417764,6795202425978,16.20,16.18,1.11,0.000,0.82
459,6795202577793,6795202580552,6795202580634,6795202580634,6795202588741,16.29,16.28,1.09,0.000,0.81
460,6795202740783,6795202745102,6795202745207,6795202745207,6795202757521,16.30,16.88,1.67,0.000,1.23
461,6795202904016,6795202907224,6795202907303,6795202907303,6795202915447,16.32,15.79,1.14,0.000,0.81
462,6795203067463,6795203070455,6795203070541,6795203070541,6795203078632,16.34,16.32,1.12,0.000,0.81
463,6795203230087,6795203233198,6795203233273,6795203233273,6795203248193,16.26,16.96,1.81,0.000,1.49
464,6795203393519,6795203396922,6795203396998,6795203396998,6795203407069,16.34,15.89,1.35,0.000,1.01
465,6795203557716,6795203561680,6795203561755,6795203561755,6795203575361,16.42,16.83,1.76,0.000,1.36
466,6795203720697,6795203723904,6795203723978,6795203723978,6795203732621,16.30,15.73,1.19,0.000,0.86
467,6795203883192,6795203886390,6795203886484,6795203886484,6795203895538,16.25,16.29,1.23,0.000,0.91
468,6795204048490,6795204053256,6795204053337,6795204053337,6795204061827,16.53,16.63,1.33,0.000,0.85
469,6795204239071,6795204243926,6795204244024,6795204244024,6795204254604,19.06,19.28,1.55,0.000,1.06
470,6795204375213,6795204378906,6795204379033,6795204379033,6795204388728,13.61,13.41,1.35,0.000,0.97
471,6795204537993,6795204542259,6795204542346,6795204542346,6795204553708,16.28,16.50,1.57,0.000,1.14
472,6795204704139,6795204709691,6795204709824,6795204709824,6795204726600,16.61,17.29,2.25,0.000,1.68
473,6795204862979,6795204866033,6795204866111,6795204866111,6795204884604,15.88,15.80,2.16,0.000,1.85
474,6795205024969,6795205027822,6795205027887,6795205027887,6795205036249,16.20,15.16,1.13,0.000,0.84
475,6795205188247,6795205191361,6795205191443,6795205191443,6795205200102,16.33,16.39,1.19,0.000,0.87
476,6795205352471,6795205355881,6795205355947,6795205355947,6795205365878,16.42,16.58,1.34,0.000,0.99
477,6795205514329,6795205517061,6795205517151,6795205517151,6795205525373,16.19,15.95,1.10,0.000,0.82
478,6795205677356,6795205680069,6795205680150,6795205680150,6795205689220,16.30,16.38,1.19,0.000,0.91
479,6795205841770,6795205845505,6795205845591,6795205845591,6795205857858,16.44,16.86,1.61,0.000,1.23
480,6795205841770,6795205845505,6795205857984,6795205857984,6795205969747,0.00,11.19,12.80,0.000,11.18
481,6795206003612,6795206006447,6795206006515,6795206006515,6795206051886,16.18,8.21,4.83,0.000,4.54
482,6795206167495,6795206171088,6795206171188,6795206171188,6795206182369,16.39,13.05,1.49,0.000,1.12
483,6795206332274,6795206336096,6795206336185,6795206336185,6795206349397,16.48,16.70,1.71,0.000,1.32
484,6795206493461,6795206496758,6795206496828,6795206496828,6795206505491,16.12,15.61,1.20,0.000,0.87
485,6795206656592,6795206660191,6795206660297,6795206660297,6795206669215,16.31,16.37,1.26,0.000,0.89
486,6795206822492,6795206826357,6795206826443,6795206826443,6795206834986,16.59,16.58,1.25,0.000,0.85
487,6795206983351,6795206987066,6795206987397,6795206987397,6795206998011,16.09,16.30,1.47,0.000,1.06
488,6795207146431,6795207150886,6795207150959,6795207150959,6795207159910,16.31,16.19,1.35,0.000,0.90
489,6795207308270,6795207311342,6795207311416,6795207311416,6795207320799,16.18,16.09,1.25,0.000,0.94
490,6795207472092,6795207475173,6795207475255,6795207475255,6795207484761,16.38,16.40,1.27,0.000,0.95
491,6795207634888,6795207637940,6795207638019,6795207638019,6795207653657,16.28,16.89,1.88,0.000,1.56
492,6795207797686,6795207800547,6795207800629,6795207800629,6795207810083,16.28,15.64,1.24,0.000,0.95
493,6795207961580,6795207964530,6795207964598,6795207964598,6795207973674,16.39,16.36,1.21,0.000,0.91
494,6795208123492,6795208126202,6795208126273,6795208126273,6795208134823,16.19,16.11,1.13,0.000,0.85
495,6795208294702,6795208299977,6795208300069,6795208300069,6795208312173,17.12,17.73,1.75,0.000,1.21
496,6795208451296,6795208454970,6795208455053,6795208455053,6795208464289,15.66,15.21,1.30,0.000,0.92
497,6795208613760,6795208616491,6795208616562,6795208616562,6795208624612,16.25,16.03,1.09,0.000,0.81
498,6795208776188,6795208778927,6795208779004,6795208779004,6795208787923,16.24,16.33,1.17,0.000,0.89
499,6795208940144,6795208943806,6795208943921,6795208943921,6795208953837,16.40,16.59,1.37,0.000,0.99
500,6795209103097,6795209105808,6795209105879,6795209105879,6795209114355,16.30,16.05,1.13,0.000,0.85
501,6795209267014,6795209270621,6795209270719,6795209270719,6795209279429,16.39,16.51,1.24,0.000,0.87
502,6795209429364,6795209432673,6795209432758,6795209432758,6795209441781,16.23,16.24,1.24,0.000,0.90
503,6795209591935,6795209595792,6795209595900,6795209595900,6795209604997,16.26,16.32,1.31,0.000,0.91
504,6795209755936,6795209759336,6795209759420,6795209759420,6795209769335,16.40,16.43,1.34,0.000,0.99
505,6795209918071,6795209921103,6795209921212,6795209921212,6795209929720,16.21,16.04,1.16,0.000,0.85
506,6795210081984,6795210085126,6795210085196,6795210085196,6795210093953,16.39,16.42,1.20,0.000,0.88
507,6795210245322,6795210249268,6795210249371,6795210249371,6795210261490,16.33,16.75,1.62,0.000,1.21
508,6795210410158,6795210413651,6795210413820,6795210413820,6795210423804,16.48,16.23,1.36,0.000,1.00
509,6795210571235,6795210574805,6795210574895,6795210574895,6795210584231,16.11,16.04,1.30,0.000,0.93
510,6795210734060,6795210737228,6795210737303,6795210737303,6795210750083,16.28,16.59,1.60,0.000,1.28
511,6795210896745,6795210899955,6795210900049,6795210900049,6795210908757,16.27,15.87,1.20,0.000,0.87
512,6795211060639,6795211063978,6795211064070,6795211064070,6795211073004,16.39,16.42,1.24,0.000,0.89
513,6795211224078,6795211227097,6795211227176,6795211227176,6795211236001,16.34,16.30,1.19,0.000,0.88
514,6795211386492,6795211389516,6795211389579,6795211389579,6795211398511,16.24,16.25,1.20,0.000,0.89
515,6795211549773,6795211553470,6795211553588,6795211553588,6795211562546,16.33,16.40,1.28,0.000,0.90
516,6795211712933,6795211715887,6795211715968,6795211715968,6795211724841,16.32,16.23,1.19,0.000,0.89
517,6795211875713,6795211878656,6795211878753,6795211878753,6795211888158,16.28,16.33,1.24,0.000,0.94
518,6795212040200,6795212045861,6795212045948,6795212045948,6795212055644,16.45,16.75,1.54,0.000,0.97
519,6795212202006,6795212204851,6795212204926,6795212204926,6795212213535,16.18,15.79,1.15,0.000,0.86
520,6795212365738,6795212368722,6795212368806,6795212368806,6795212377702,16.37,16.42,1.20,0.000,0.89
521,6795212527584,6795212530251,6795212530317,6795212530317,6795212538382,16.18,16.07,1.08,0.000,0.81
522,6795212691448,6795212694253,6795212694325,6795212694325,6795212703005,16.39,16.46,1.16,0.000,0.87
523,6795212855322,6795212858833,6795212859086,6795212859086,6795212868650,16.39,16.56,1.33,0.000,0.96
524,6795213016757,6795213019516,6795213019593,6795213019593,6795213027830,16.14,15.92,1.11,0.000,0.82
525,6795213180201,6795213182939,6795213183012,6795213183012,6795213191522,16.34,16.37,1.13,0.000,0.85
526,6795213343816,6795213347647,6795213347751,6795213347751,6795213357591,16.36,16.61,1.38,0.000,0.98
527,6795213507095,6795213509954,6795213510024,6795213510024,6795213518157,16.33,16.06,1.11,0.000,0.81
528,6795213670154,6795213672857,6795213672924,6795213672924,6795213681237,16.31,16.31,1.11,0.000,0.83
529,6795213836811,6795213842541,6795213842778,6795213842778,6795213855106,16.67,17.39,1.83,0.000,1.23
530,6795213998512,6795214001744,6795214001828,6795214001828,6795214010367,16.17,15.53,1.19,0.000,0.85
531,6795214162831,6795214165771,6795214165856,6795214165856,6795214174320,16.43,16.40,1.15,0.000,0.85
532,6795214324371,6795214327138,6795214327204,6795214327204,6795214335580,16.15,16.13,1.12,0.000,0.84
533,6795214487849,6795214490863,6795214490944,6795214490944,6795214499165,16.35,16.36,1.13,0.000,0.82
534,6795214652126,6795214655501,6795214655596,6795214655596,6795214664529,16.43,16.54,1.24,0.000,0.89
535,6795214814281,6795214817574,6795214817642,6795214817642,6795214825881,16.22,16.14,1.16,0.000,0.82
536,6795214977506,6795214980581,6795214980641,6795214980641,6795214989055,16.32,16.32,1.15,0.000,0.84
537,6795215141057,6795215144786,6795215144881,6795215144881,6795215156542,16.36,16.75,1.55,0.000,1.17
538,6795215303159,6795215306294,6795215306380,6795215306380,6795215315155,16.21,15.86,1.20,0.000,0.88
539,6795215467057,6795215470387,6795215470465,6795215470465,6795215478738,16.39,16.36,1.17,0.000,0.83
540,6795215629710,6795215632604,6795215632686,6795215632686,6795215641290,16.27,16.26,1.16,0.000,0.86
541,6795215792833,6795215795778,6795215795862,6795215795862,6795215804168,16.31,16.29,1.13,0.000,0.83
542,6795215959442,6795215963328,6795215963399,6795215963399,6795215971209,16.66,16.70,1.18,0.000,0.78
543,6795216118992,6795216121876,6795216121952,6795216121952,6795216130282,15.96,15.91,1.13,0.000,0.83
544,6795216282638,6795216285345,6795216285414,6795216285414,6795216294181,16.36,16.39,1.15,0.000,0.88
545,6795216446413,6795216450351,6795216450444,6795216450444,6795216459820,16.38,16.56,1.34,0.000,0.94
546,6795216609471,6795216612612,6795216612695,6795216612695,6795216620639,16.31,16.08,1.12,0.000,0.79
547,6795216771616,6795216774563,6795216774637,6795216774637,6795216782572,16.21,16.19,1.10,0.000,0.79
548,6795216933941,6795216936858,6795216936902,6795216936902,6795216946731,16.23,16.42,1.28,0.000,0.98
549,6795217097806,6795217100609,6795217100681,6795217100681,6795217108853,16.39,16.21,1.10,0.000,0.82
550,6795217261575,6795217264849,6795217264898,6795217264898,6795217273590,16.38,16.47,1.20,0.000,0.87
551,6795217423378,6795217426128,6795217426194,6795217426194,6795217433983,16.18,16.04,1.06,0.000,0.78
552,6795217586971,6795217590122,6795217590187,6795217590187,6795217599693,16.36,16.57,1.27,0.000,0.95
553,6795217750301,6795217753891,6795217753961,6795217753961,6795217763419,16.33,16.37,1.31,0.000,0.95
554,6795217913842,6795217916628,6795217916702,6795217916702,6795217925074,16.35,16.17,1.12,0.000,0.84
555,6795218076279,6795218078967,6795218079040,6795218079040,6795218087582,16.24,16.25,1.13,0.000,0.85
556,6795218242793,6795218247620,6795218247822,6795218247822,6795218260829,16.65,17.32,1.80,0.000,1.30
557,6795218407572,6795218410899,6795218410973,6795218410973,6795218420429,16.48,15.96,1.29,0.000,0.95
558,6795218566299,6795218569604,6795218569695,6795218569695,6795218578284,15.87,15.79,1.20,0.000,0.86
559,6795218729079,6795218732420,6795218732466,6795218732466,6795218740827,16.28,16.25,1.17,0.000,0.84
560,6795218892217,6795218895444,6795218895526,6795218895526,6795218909156,16.31,16.83,1.69,0.000,1.36
561,6795219055770,6795219059127,6795219059199,6795219059199,6795219069225,16.36,16.01,1.35,0.000,1.00
562,6795219218304,6795219221305,6795219221385,6795219221385,6795219229969,16.25,16.07,1.17,0.000,0.86
563,6795219381373,6795219384630,6795219384713,6795219384713,6795219393287,16.31,16.33,1.19,0.000,0.86
564,6795219544630,6795219548680,6795219548768,6795219548768,6795219558389,16.33,16.51,1.38,0.000,0.96
565,6795219706977,6795219709696,6795219709773,6795219709773,6795219718611,16.23,16.02,1.16,0.000,0.88
566,6795219870861,6795219873637,6795219873710,6795219873710,6795219882080,16.39,16.35,1.12,0.000,0.84
567,6795220034059,6795220036892,6795220036964,6795220036964,6795220046638,16.32,16.46,1.26,0.000,0.97
568,6795220199194,6795220202301,6795220202382,6795220202382,6795220211038,16.51,16.44,1.18,0.000,0.87
569,6795220361463,6795220364990,6795220365073,6795220365073,6795220375092,16.23,16.41,1.36,0.000,1.00
570,6795220523414,6795220526550,6795220526616,6795220526616,6795220534962,16.20,15.99,1.15,0.000,0.83
571,6795220687028,6795220690324,6795220690468,6795220690468,6795220700579,16.36,16.56,1.36,0.000,1.01
572,6795220854180,6795220859262,6795220859354,6795220859354,6795220869247,16.72,16.87,1.51,0.000,0.99
573,6795221013741,6795221017460,6795221017543,6795221017543,6795221025841,15.96,15.66,1.21,0.000,0.83
574,6795221176762,6795221181186,6795221181290,6795221181290,6795221189958,16.30,16.41,1.32,0.000,0.87
575,6795221338522,6795221341485,6795221341614,6795221341614,6795221351572,16.18,16.16,1.30,0.000,1.00
576,6795221501592,6795221504363,6795221504443,6795221504443,6795221512867,16.31,16.13,1.13,0.000,0.84
577,6795221665568,6795221668707,6795221668780,6795221668780,6795221676829,16.40,16.40,1.13,0.000,0.80
578,6795221827660,6795221830398,6795221830467,6795221830467,6795221838647,16.21,16.18,1.10,0.000,0.82
579,6795221991341,6795221994281,6795221994349,6795221994349,6795222002563,16.37,16.39,1.12,0.000,0.82
580,6795222155698,6795222159317,6795222159422,6795222159422,6795222168127,16.44,16.56,1.24,0.000,0.87
581,6795222317282,6795222320229,6795222320299,6795222320299,6795222328785,16.16,16.07,1.15,0.000,0.85
582,6795222480664,6795222484113,6795222484197,6795222484197,6795222492785,16.34,16.40,1.21,0.000,0.86
583,6795222644895,6795222649205,6795222649291,6795222649291,6795222658784,16.42,16.60,1.39,0.000,0.95
584,6795222806533,6795222809623,6795222809697,6795222809697,6795222819769,16.16,16.10,1.32,0.000,1.01
585,6795222969701,6795222972676,6795222972775,6795222972775,6795222981433,16.32,16.17,1.17,0.000,0.87
586,6795223132902,6795223135920,6795223136018,6795223136018,6795223144930,16.32,16.35,1.20,0.000,0.89
587,6795223296214,6795223298920,6795223299001,6795223299001,6795223307476,16.33,16.25,1.13,0.000,0.85
588,6795223460347,6795223463455,6795223463540,6795223463540,6795223471607,16.41,16.41,1.13,0.000,0.81
589,6795223622199,6795223624941,6795223625000,6795223625000,6795223633221,16.19,16.16,1.10,0.000,0.82
590,6795223785568,6795223788264,6795223788341,6795223788341,6795223797211,16.34,16.40,1.16,0.000,0.89
591,6795223948759,6795223952476,6795223952598,6795223952598,6795223961431,16.32,16.42,1.27,0.000,0.88
592,6795224111499,6795224114424,6795224114532,6795224114532,6795224123455,16.27,16.20,1.20,0.000,0.89
593,6795224274892,6795224277566,6795224277652,6795224277652,6795224286009,16.34,16.26,1.11,0.000,0.84
594,6795224437867,6795224440806,6795224440891,6795224440891,6795224451393,16.30,16.54,1.35,0.000,1.05
595,6795224600530,6795224603416,6795224603496,6795224603496,6795224611978,16.27,16.06,1.14,0.000,0.85
596,6795224764660,6795224768007,6795224768081,6795224768081,6795224777758,16.41,16.58,1.31,0.000,0.97
597,6795224927666,6795224930629,6795224930710,6795224930710,6795224938961,16.30,16.12,1.13,0.000,0.83
598,6795225090695,6795225093945,6795225094041,6795225094041,6795225105850,16.30,16.69,1.52,0.000,1.18
599,6795225255669,6795225259633,6795225259730,6795225259730,6795225268386,16.50,16.25,1.27,0.000,0.87
600,6795225417290,6795225420584,6795225420676,6795225420676,6795225430060,16.16,16.17,1.28,0.000,0.94
601,6795225580222,6795225583549,6795225583653,6795225583653,6795225592916,16.29,16.29,1.27,0.000,0.93
602,6795225744955,6795225749035,6795225749152,6795225749152,6795225759062,16.47,16.61,1.41,0.000,0.99
603,6795225906583,6795225909298,6795225909369,6795225909369,6795225917374,16.16,15.83,1.08,0.000,0.80
604,6795226069951,6795226072747,6795226072841,6795226072841,6795226080998,16.34,16.36,1.10,0.000,0.82
605,6795226231859,6795226234625,6795226234698,6795226234698,6795226243340,16.19,16.23,1.15,0.000,0.86
606,6795226395799,6795226399107,6795226399179,6795226399179,6795226408638,16.39,16.53,1.28,0.000,0.95
607,6795226560241,6795226563673,6795226563754,6795226563754,6795226572330,16.44,16.37,1.21,0.000,0.86
608,6795226721400,6795226724422,6795226724491,6795226724491,6795226733319,16.12,16.10,1.19,0.000,0.88
609,6795226885300,6795226888354,6795226888428,6795226888428,6795226897308,16.39,16.40,1.20,0.000,0.89
610,6795227049032,6795227052446,6795227052551,6795227052551,6795227062870,16.37,16.56,1.38,0.000,1.03
611,6795227211218,6795227214233,6795227214296,6795227214296,6795227222592,16.22,15.97,1.14,0.000,0.83
612,6795227374698,6795227378066,6795227378147,6795227378147,6795227387006,16.35,16.44,1.23,0.000,0.89
613,6795227538001,6795227540901,6795227540965,6795227540965,6795227550137,16.33,16.31,1.21,0.000,0.92
614,6795227699858,6795227702698,6795227702778,6795227702778,6795227710877,16.19,16.07,1.10,0.000,0.81
615,6795227866149,6795227869253,6795227869318,6795227869318,6795227877540,16.63,16.67,1.14,0.000,0.82
616,6795228026810,6795228029859,6795228029938,6795228029938,6795228038312,16.07,16.08,1.15,0.000,0.84
617,6795228192564,6795228197426,6795228197477,6795228197477,6795228209336,16.58,17.10,1.68,0.000,1.19
618,6795228355850,6795228360319,6795228360438,6795228360438,6795228373486,16.33,16.41,1.76,0.000,1.30
619,6795228516075,6795228518934,6795228519001,6795228519001,6795228527477,16.02,15.40,1.14,0.000,0.85
620,6795228679249,6795228682322,6795228682388,6795228682388,6795228690731,16.32,16.33,1.15,0.000,0.83
621,6795228842297,6795228846051,6795228846181,6795228846181,6795228855709,16.30,16.50,1.34,0.000,0.95
622,6795229005531,6795229008545,6795229008613,6795229008613,6795229017242,16.32,16.15,1.17,0.000,0.86
623,6795229169098,6795229171968,6795229172034,6795229172034,6795229180151,16.36,16.29,1.11,0.000,0.81
624,6795229331146,6795229334049,6795229334112,6795229334112,6795229342311,16.20,16.22,1.12,0.000,0.82
625,6795229494509,6795229497293,6795229497345,6795229497345,6795229505398,16.34,16.31,1.09,0.000,0.81
626,6795229659818,6795229663818,6795229663905,6795229663905,6795229671902,16.53,16.65,1.21,0.000,0.80
627,6795229820572,6795229823310,6795229823387,6795229823387,6795229831645,16.08,15.97,1.11,0.000,0.83
628,6795229984051,6795229987167,6795229987238,6795229987238,6795229996376,16.35,16.47,1.23,0.000,0.91
629,6795230147473,6795230151214,6795230151346,6795230151346,6795230160952,16.34,16.46,1.35,0.000,0.96
630,6795230310390,6795230313604,6795230313680,6795230313680,6795230324686,16.29,16.37,1.43,0.000,1.10
631,6795230473470,6795230476511,6795230476584,6795230476584,6795230486655,16.31,16.20,1.32,0.000,1.01
632,6795230635983,6795230638924,6795230638997,6795230638997,6795230648252,16.25,16.16,1.23,0.000,0.93
633,6795230799854,6795230803154,6795230803239,6795230803239,6795230811997,16.39,16.37,1.21,0.000,0.88
634,6795230963715,6795230966470,6795230966550,6795230966550,6795230975412,16.39,16.34,1.17,0.000,0.89
635,6795231126475,6795231129171,6795231129247,6795231129247,6795231137474,16.28,16.21,1.10,0.000,0.82
636,6795231289511,6795231292511,6795231292579,6795231292579,6795231304219,16.30,16.67,1.47,0.000,1.16
637,6795231454842,6795231459786,6795231459925,6795231459925,6795231469174,16.53,16.50,1.43,0.000,0.92
638,6795231670980,6795231674989,6795231675112,6795231675112,6795231685547,21.61,21.64,1.46,0.000,1.04
639,6795231781795,6795231785803,6795231786032,6795231786032,6795231803108,11.08,11.76,2.13,0.000,1.71
640,6795231943812,6795231948098,6795231948213,6795231948213,6795231958856,16.20,15.57,1.50,0.000,1.06
641,6795232106628,6795232110694,6795232110781,6795232110781,6795232123439,16.28,16.46,1.68,0.000,1.27
642,6795232270219,6795232274048,6795232274146,6795232274146,6795232286085,16.36,16.26,1.59,0.000,1.19
643,6795232431004,6795232433840,6795232433902,6795232433902,6795232442139,16.08,15.61,1.11,0.000,0.82
644,6795232593980,6795232597140,6795232597210,6795232597210,6795232605732,16.30,16.36,1.18,0.000,0.85
645,6795232758367,6795232761877,6795232761969,6795232761969,6795232771911,16.44,16.62,1.35,0.000,0.99
646,6795232922910,6795232926340,6795232926427,6795232926427,6795232934603,16.45,16.27,1.17,0.000,0.82
647,6795233083722,6795233086482,6795233086561,6795233086561,6795233094932,16.08,16.03,1.12,0.000,0.84
648,6795233247155,6795233251362,6795233251440,6795233251440,6795233261655,16.34,16.67,1.45,0.000,1.02
649,6795233410805,6795233413750,6795233413865,6795233413865,6795233422681,16.36,16.10,1.19,0.000,0.88
650,6795233573345,6795233576115,6795233576207,6795233576207,6795233584237,16.25,16.16,1.09,0.000,0.80
651,6795233736589,6795233739375,6795233739432,6795233739432,6795233748152,16.32,16.39,1.16,0.000,0.87
652,6795233899802,6795233902929,6795233903024,6795233903024,6795233911570,16.32,16.34,1.18,0.000,0.85
653,6795234064196,6795234067347,6795234067427,6795234067427,6795234076952,16.44,16.54,1.28,0.000,0.95
654,6795234224798,6795234228107,6795234228183,6795234228183,6795234238420,16.06,16.15,1.36,0.000,1.02
655,6795234388337,6795234391422,6795234391502,6795234391502,6795234400506,16.35,16.21,1.22,0.000,0.90
656,6795234553232,6795234557309,6795234557377,6795234557377,6795234567565,16.49,16.71,1.43,0.000,1.02
657,6795234715989,6795234719001,6795234719092,6795234719092,6795234727269,16.28,15.97,1.13,0.000,0.82
658,6795234878392,6795234881545,6795234881619,6795234881619,6795234891180,16.24,16.39,1.28,0.000,0.96
659,6795235043443,6795235048700,6795235048761,6795235048761,6795235058908,16.51,16.77,1.55,0.000,1.01
660,6795235204304,6795235207594,6795235207704,6795235207704,6795235216601,16.09,15.77,1.23,0.000,0.89
661,6795235368413,6795235371634,6795235371724,6795235371724,6795235381071,16.41,16.45,1.27,0.000,0.93
662,6795235529818,6795235532667,6795235532737,6795235532737,6795235541230,16.14,16.02,1.14,0.000,0.85
663,6795235694020,6795235697675,6795235697782,6795235697782,6795235707460,16.42,16.62,1.34,0.000,0.97
664,6795235857143,6795235860453,6795235860551,6795235860551,6795235871367,16.31,16.39,1.42,0.000,1.08
665,6795236019213,6795236021947,6795236022032,6795236022032,6795236030393,16.21,15.90,1.12,0.000,0.84
666,6795236183228,6795236185922,6795236185991,6795236185991,6795236194496,16.40,16.41,1.13,0.000,0.85
667,6795236345959,6795236349859,6795236349980,6795236349980,6795236359388,16.27,16.49,1.34,0.000,0.94
668,6795236508472,6795236511158,6795236511230,6795236511230,6795236519743,16.25,16.04,1.13,0.000,0.85
669,6795236672281,6795236675009,6795236675086,6795236675086,6795236683403,16.38,16.37,1.11,0.000,0.83
670,6795236835914,6795236838706,6795236838764,6795236838764,6795236847665,16.36,16.43,1.18,0.000,0.89
671,6795236997745,6795237000507,6795237000595,6795237000595,6795237008708,16.18,16.10,1.10,0.000,0.81
672,6795237164622,6795237168196,6795237168294,6795237168294,6795237176847,16.69,16.81,1.22,0.000,0.86
673,6795237324827,6795237327630,6795237327694,6795237327694,6795237335759,16.02,15.89,1.09,0.000,0.81
674,6795237487733,6795237490483,6795237490563,6795237490563,6795237499440,16.29,16.37,1.17,0.000,0.89
675,6795237651077,6795237654702,6795237654783,6795237654783,6795237664015,16.33,16.46,1.29,0.000,0.92
676,6795237813721,6795237817430,6795237817503,6795237817503,6795237826781,16.26,16.28,1.31,0.000,0.93
677,6795237977026,6795237980273,6795237980333,6795237980333,6795237988888,16.33,16.21,1.19,0.000,0.86
678,6795238139399,6795238142680,6795238142745,6795238142745,6795238153601,16.24,16.47,1.42,0.000,1.09
679,6795238305688,6795238310481,6795238310566,6795238310566,6795238322482,16.63,16.89,1.68,0.000,1.19
680,6795238468161,6795238471790,6795238471880,6795238471880,6795238481629,16.25,15.91,1.35,0.000,0.97
681,6795238628930,6795238631681,6795238631764,6795238631764,6795238640387,16.08,15.88,1.15,0.000,0.86
682,6795238792443,6795238795165,6795238795235,6795238795235,6795238804338,16.35,16.40,1.19,0.000,0.91
683,6795238956925,6795238960166,6795238960251,6795238960251,6795238968999,16.45,16.47,1.21,0.000,0.87
684,6795239118015,6795239120857,6795239120911,6795239120911,6795239129192,16.11,16.02,1.12,0.000,0.83
685,6795239282024,6795239284811,6795239284877,6795239284877,6795239293089,16.40,16.39,1.11,0.000,0.82
686,6795239445101,6795239449047,6795239449158,6795239449158,6795239459387,16.31,16.63,1.43,0.000,1.02
687,6795239608150,6795239611242,6795239611339,6795239611339,6795239619551,16.30,16.02,1.14,0.000,0.82
688,6795239771233,6795239774086,6795239774160,6795239774160,6795239782623,16.31,16.31,1.14,0.000,0.85
689,6795239933757,6795239936559,6795239936617,6795239936617,6795239945050,16.25,16.24,1.13,0.000,0.84
690,6795240097775,6795240100925,6795240101135,6795240101135,6795240110395,16.40,16.53,1.26,0.000,0.93
691,6795240261219,6795240264406,6795240264494,6795240264494,6795240273083,16.34,16.27,1.19,0.000,0.86
692,6795240423432,6795240426263,6795240426331,6795240426331,6795240434576,16.22,16.15,1.11,0.000,0.82
693,6795240586681,6795240589450,6795240589521,6795240589521,6795240597950,16.32,16.34,1.13,0.000,0.84
694,6795240752636,6795240756540,6795240756590,6795240756590,6795240767253,16.60,16.93,1.46,0.000,1.07
695,6795240915034,6795240917857,6795240917930,6795240917930,6795240926026,16.24,15.88,1.10,0.000,0.81
696,6795241078473,6795241081501,6795241081585,6795241081585,6795241089831,16.34,16.38,1.14,0.000,0.82
697,6795241241788,6795241244553,6795241244624,6795241244624,6795241253836,16.33,16.40,1.20,0.000,0.92
698,6795241405676,6795241408489,6795241408555,6795241408555,6795241417243,16.39,16.34,1.16,0.000,0.87
699,6795241568677,6795241571756,6795241571846,6795241571846,6795241580397,16.30,16.32,1.17,0.000,0.86
700,6795241734055,6795241738655,6795241738744,6795241738744,6795241747312,16.54,16.69,1.33,0.000,0.86
701,6795241894572,6795241897759,6795241897878,6795241897878,6795241907590,16.05,16.03,1.30,0.000,0.97
702,6795242059295,6795242063279,6795242063387,6795242063387,6795242072429,16.47,16.48,1.31,0.000,0.90
703,6795242220651,6795242223871,6795242223942,6795242223942,6795242232913,16.14,16.05,1.23,0.000,0.90
704,6795242383673,6795242386885,6795242386968,6795242386968,6795242396133,16.30,16.32,1.25,0.000,0.92
705,6795242546071,6795242549753,6795242549848,6795242549848,6795242559057,16.24,16.29,1.30,0.000,0.92
706,6795242709662,6795242712538,6795242712617,6795242712617,6795242721134,16.36,16.21,1.15,0.000,0.85
707,6795242874189,6795242877466,6795242877545,6795242877545,6795242887072,16.45,16.59,1.29,0.000,0.95
708,6795243036292,6795243039525,6795243039626,6795243039626,6795243052400,16.21,16.53,1.61,0.000,1.28
709,6795243199236,6795243202417,6795243202504,6795243202504,6795243211441,16.29,15.90,1.22,0.000,0.89
710,6795243364361,6795243367784,6795243367872,6795243367872,6795243376821,16.51,16.54,1.25,0.000,0.89
711,6795243526703,6795243530662,6795243530746,6795243530746,6795243539098,16.23,16.23,1.24,0.000,0.84
712,6795243688483,6795243691576,6795243691651,6795243691651,6795243700275,16.18,16.12,1.18,0.000,0.86
713,6795243852430,6795243856123,6795243856219,6795243856219,6795243866243,16.39,16.60,1.38,0.000,1.00
714,6795244014900,6795244017634,6795244017718,6795244017718,6795244026179,16.25,15.99,1.13,0.000,0.85
715,6795244177907,6795244180535,6795244180608,6795244180608,6795244188933,16.30,16.28,1.10,0.000,0.83
716,6795244340736,6795244343455,6795244343533,6795244343533,6795244352225,16.28,16.33,1.15,0.000,0.87
717,6795244504277,6795244507282,6795244507360,6795244507360,6795244515562,16.35,16.33,1.13,0.000,0.82
718,6795244667771,6795244670634,6795244670714,6795244670714,6795244679160,16.35,16.36,1.14,0.000,0.84
719,6795244829624,6795244832581,6795244832653,6795244832653,6795244840404,16.19,16.12,1.08,0.000,0.78
720,6795244994192,6795244997448,6795244997502,6795244997502,6795245006832,16.46,16.64,1.26,0.000,0.93
721,6795245158584,6795245162331,6795245162422,6795245162422,6795245170952,16.44,16.41,1.24,0.000,0.85
722,6795245320343,6795245323799,6795245323879,6795245323879,6795245331957,16.18,16.10,1.16,0.000,0.81
723,6795245483363,6795245487339,6795245487410,6795245487410,6795245496970,16.30,16.50,1.36,0.000,0.96
724,6795245646713,6795245650601,6795245650668,6795245650668,6795245660431,16.34,16.35,1.37,0.000,0.98
725,6795245809022,6795245812073,6795245812144,6795245812144,6795245825569,16.23,16.51,1.65,0.000,1.34
726,6795245973110,6795245976177,6795245976288,6795245976288,6795245987055,16.41,16.15,1.39,0.000,1.08
727,6795246136314,6795246139329,6795246139407,6795246139407,6795246147998,16.32,16.09,1.17,0.000,0.86
728,6795246298754,6795246301523,6795246301607,6795246301607,6795246310203,16.24,16.22,1.14,0.000,0.86
729,6795246462539,6795246465815,6795246465888,6795246465888,6795246475384,16.38,16.52,1.28,0.000,0.95
730,6795246624935,6795246627696,6795246627773,6795246627773,6795246636401,16.24,16.10,1.15,0.000,0.86
731,6795246787664,6795246790674,6795246790752,6795246790752,6795246802383,16.27,16.60,1.47,0.000,1.16
732,6795246953341,6795246958596,6795246958694,6795246958694,6795246967691,16.57,16.53,1.44,0.000,0.90
733,6795247115025,6795247118646,6795247118730,6795247118730,6795247126913,16.17,15.92,1.19,0.000,0.82
734,6795247281199,6795247285104,6795247285292,6795247285292,6795247294000,16.62,16.71,1.28,0.000,0.87
735,6795247440128,6795247443123,6795247443196,6795247443196,6795247451987,15.89,15.80,1.19,0.000,0.88
736,6795247603942,6795247606985,6795247607060,6795247607060,6795247615295,16.38,16.33,1.14,0.000,0.82
737,6795247770005,6795247773044,6795247773119,6795247773119,6795247782650,16.61,16.74,1.26,0.000,0.95
738,6795247933030,6795247936092,6795247936161,6795247936161,6795247945232,16.30,16.26,1.22,0.000,0.91
739,6795248092510,6795248095247,6795248095326,6795248095326,6795248103685,15.95,15.85,1.12,0.000,0.84
740,6795248260937,6795248266861,6795248266935,6795248266935,6795248278005,16.84,17.43,1.71,0.000,1.11
741,6795248421039,6795248424615,6795248424699,6795248424699,6795248434322,16.01,15.63,1.33,0.000,0.96
742,6795248583113,6795248585917,6795248585992,6795248585992,6795248595520,16.21,16.12,1.24,0.000,0.95
743,6795248745702,6795248749682,6795248749816,6795248749816,6795248759639,16.26,16.41,1.39,0.000,0.98
744,6795248909167,6795248912537,6795248912602,6795248912602,6795248921779,16.35,16.21,1.26,0.000,0.92
745,6795249072572,6795249075805,6795249075872,6795249075872,6795249085043,16.34,16.33,1.25,0.000,0.92
746,6795249234420,6795249237326,6795249237393,6795249237393,6795249245923,16.18,16.09,1.15,0.000,0.85
747,6795249398057,6795249401365,6795249401462,6795249401462,6795249413693,16.36,16.78,1.56,0.000,1.22
748,6795249561410,6795249565017,6795249565135,6795249565135,6795249575688,16.34,16.20,1.43,0.000,1.06
749,6795249723913,6795249727272,6795249727355,6795249727355,6795249736765,16.25,16.11,1.29,0.000,0.94
750,6795249887315,6795249890340,6795249890435,6795249890435,6795249899464,16.34,16.27,1.21,0.000,0.90
751,6795250049865,6795250053528,6795250053685,6795250053685,6795250065078,16.25,16.56,1.52,0.000,1.14
752,6795250213405,6795250216191,6795250216258,6795250216258,6795250225471,16.35,16.04,1.21,0.000,0.92
753,6795250376895,6795250380075,6795250380176,6795250380176,6795250388681,16.35,16.32,1.18,0.000,0.85
754,6795250538895,6795250541640,6795250541716,6795250541716,6795250552211,16.20,16.35,1.33,0.000,1.05
755,6795250702226,6795250705064,6795250705139,6795250705139,6795250713530,16.33,16.13,1.13,0.000,0.84
756,6795250867614,6795250871806,6795250871878,6795250871878,6795250880190,16.54,16.67,1.26,0.000,0.83
757,6795251028851,6795251031769,6795251031837,6795251031837,6795251040139,16.12,15.99,1.13,0.000,0.83
758,6795251191873,6795251194978,6795251195060,6795251195060,6795251203409,16.30,16.33,1.15,0.000,0.83
759,6795251355488,6795251359080,6795251359162,6795251359162,6795251369124,16.36,16.57,1.36,0.000,1.00
760,6795251522002,6795251526258,6795251526361,6795251526361,6795251537403,16.65,16.83,1.54,0.000,1.10
761,6795251682231,6795251684947,6795251685009,6795251685009,6795251693464,16.02,15.61,1.12,0.000,0.85
762,6795251844689,6795251847962,6795251848054,6795251848054,6795251860688,16.25,16.72,1.60,0.000,1.26
763,6795252007904,6795252010819,6795252010892,6795252010892,6795252019852,16.32,15.92,1.19,0.000,0.90
764,6795252171543,6795252174989,6795252175094,6795252175094,6795252184133,16.36,16.43,1.26,0.000,0.90
765,6795252333949,6795252337067,6795252337155,6795252337155,6795252345928,16.24,16.18,1.20,0.000,0.88
766,6795252498105,6795252501176,6795252501248,6795252501248,6795252509795,16.42,16.39,1.17,0.000,0.85
767,6795252661273,6795252664836,6795252664922,6795252664922,6795252673525,16.32,16.37,1.23,0.000,0.86
768,6795252822798,6795252825528,6795252825599,6795252825599,6795252833931,16.15,16.04,1.11,0.000,0.83
769,6795252986128,6795252989035,6795252989122,6795252989122,6795252998048,16.33,16.41,1.19,0.000,0.89
770,6795253149525,6795253153331,6795253153419,6795253153419,6795253163507,16.34,16.55,1.40,0.000,1.01
771,6795253313889,6795253317060,6795253317137,6795253317137,6795253325991,16.44,16.25,1.21,0.000,0.89
772,6795253476312,6795253479642,6795253479736,6795253479736,6795253489103,16.24,16.31,1.28,0.000,0.94
773,6795253639537,6795253642772,6795253642844,6795253642844,6795253654454,16.32,16.54,1.49,0.000,1.16
774,6795253801748,6795253804911,6795253805005,6795253805005,6795253813758,16.22,15.93,1.20,0.000,0.88
775,6795253965685,6795253969138,6795253969220,6795253969220,6795253978563,16.39,16.48,1.29,0.000,0.93
776,6795254134540,6795254140416,6795254140487,6795254140487,6795254154245,16.89,17.57,1.97,0.000,1.38
777,6795254292050,6795254295679,6795254295785,6795254295785,6795254305030,15.75,15.08,1.30,0.000,0.92
778,6795254456141,6795254459879,6795254459972,6795254459972,6795254472057,16.41,16.70,1.59,0.000,1.21
779,6795254617222,6795254620164,6795254620234,6795254620234,6795254628351,16.11,15.63,1.11,0.000,0.81
780,6795254781334,6795254784348,6795254784431,6795254784431,6795254792719,16.41,16.44,1.14,0.000,0.83
781,6795254944056,6795254946775,6795254946844,6795254946844,6795254956444,16.27,16.37,1.24,0.000,0.96
782,6795255106610,6795255109344,6795255109414,6795255109414,6795255117967,16.26,16.15,1.14,0.000,0.86
783,6795255270247,6795255273517,6795255273606,6795255273606,6795255282920,16.36,16.50,1.27,0.000,0.93
784,6795255432962,6795255435686,6795255435771,6795255435771,6795255444251,16.27,16.13,1.13,0.000,0.85
785,6795255596609,6795255599816,6795255599865,6795255599865,6795255609277,16.36,16.50,1.27,0.000,0.94
786,6795255760265,6795255763834,6795255763941,6795255763941,6795255772865,16.37,16.36,1.26,0.000,0.89
787,6795255921984,6795255924742,6795255924812,6795255924812,6795255932984,16.17,16.01,1.10,0.000,0.82
788,6795256085405,6795256088140,6795256088208,6795256088208,6795256097152,16.34,16.42,1.17,0.000,0.89
789,6795256248287,6795256251987,6795256252110,6795256252110,6795256261430,16.29,16.43,1.31,0.000,0.93
790,6795256412308,6795256415029,6795256415096,6795256415096,6795256423252,16.40,16.18,1.09,0.000,0.82
791,6795256577377,6795256581150,6795256581258,6795256581258,6795256589180,16.51,16.59,1.18,0.000,0.79
792,6795256738286,6795256741046,6795256741104,6795256741104,6795256749323,16.09,16.01,1.10,0.000,0.82
793,6795256901562,6795256904897,6795256904967,6795256904967,6795256913017,16.33,16.37,1.15,0.000,0.81
794,6795257065065,6795257068897,6795257068993,6795257068993,6795257078295,16.35,16.53,1.32,0.000,0.93
795,6795257226818,6795257229995,6795257230071,6795257230071,6795257238743,16.18,16.04,1.19,0.000,0.87
796,6795257390369,6795257393812,6795257393893,6795257393893,6795257406076,16.36,16.73,1.57,0.000,1.22
797,6795257554337,6795257557887,6795257557962,6795257557962,6795257567965,16.40,16.19,1.36,0.000,1.00
798,6795257716070,6795257719051,6795257719123,6795257719123,6795257728211,16.17,16.02,1.21,0.000,0.91
799,6795257881559,6795257885005,6795257885060,6795257885060,6795257894397,16.55,16.62,1.28,0.000,0.93
800,6795258043407,6795258046361,6795258046463,6795258046463,6795258056419,16.18,16.20,1.30,0.000,1.00
801,6795258209222,6795258213692,6795258213740,6795258213740,6795258226300,16.58,16.99,1.71,0.000,1.26
802,6795258372575,6795258377267,6795258377400,6795258377400,6795258390687,16.34,16.44,1.81,0.000,1.33
803,6795258532564,6795258535734,6795258535810,6795258535810,6795258543968,16.00,15.33,1.14,0.000,0.82
804,6795258695172,6795258698205,6795258698292,6795258698292,6795258707157,16.26,16.32,1.20,0.000,0.89
805,6795258859957,6795258863838,6795258863891,6795258863891,6795258872560,16.48,16.54,1.26,0.000,0.87
806,6795259024577,6795259030052,6795259030130,6795259030130,6795259038976,16.46,16.64,1.44,0.000,0.88
807,6795259187245,6795259191351,6795259191471,6795259191471,6795259202318,16.27,16.33,1.51,0.000,1.08
808,6795259348140,6795259352039,6795259352148,6795259352148,6795259362188,16.09,15.99,1.40,0.000,1.00
809,6795259511969,6795259515457,6795259515568,6795259515568,6795259525203,16.38,16.30,1.32,0.000,0.96
810,6795259674598,6795259677871,6795259677949,6795259677949,6795259686846,16.26,16.16,1.22,0.000,0.89
811,6795259836639,6795259839818,6795259839889,6795259839889,6795259848261,16.20,16.14,1.16,0.000,0.84
812,6795260000510,6795260003781,6795260003858,6795260003858,6795260012834,16.39,16.46,1.23,0.000,0.90
813,6795260165023,6795260168536,6795260168633,6795260168633,6795260177648,16.45,16.48,1.26,0.000,0.90
814,6795260326916,6795260330072,6795260330376,6795260330376,6795260340208,16.19,16.26,1.33,0.000,0.98
815,6795260490343,6795260493230,6795260493305,6795260493305,6795260502791,16.34,16.26,1.24,0.000,0.95
816,6795260653409,6795260657180,6795260657268,6795260657268,6795260672445,16.31,16.97,1.90,0.000,1.52
817,6795260653409,6795260657180,6795260672749,6795260672749,6795260802683,0.00,13.02,14.93,0.000,12.99
818,6795260816843,6795260819979,6795260820070,6795260820070,6795260887629,16.34,8.49,7.08,0.000,6.76
819,6795260980880,6795260984967,6795260985037,6795260985037,6795260995925,16.40,10.83,1.50,0.000,1.09
820,6795261142678,6795261146108,6795261146214,6795261146214,6795261156839,16.18,16.09,1.42,0.000,1.06
821,6795261307684,6795261311633,6795261311712,6795261311712,6795261320290,16.50,16.35,1.26,0.000,0.86
822,6795261469630,6795261473102,6795261473346,6795261473346,6795261483983,16.19,16.37,1.44,0.000,1.06
823,6795261631099,6795261633865,6795261633942,6795261633942,6795261643494,16.15,15.95,1.24,0.000,0.96
824,6795261794618,6795261797313,6795261797382,6795261797382,6795261806975,16.35,16.35,1.24,0.000,0.96
825,6795261958913,6795261963006,6795261963078,6795261963078,6795261972722,16.43,16.57,1.38,0.000,0.96
826,6795262120716,6795262123976,6795262124069,6795262124069,6795262133711,16.18,16.10,1.30,0.000,0.96
827,6795262284739,6795262288142,6795262288239,6795262288239,6795262298765,16.40,16.51,1.40,0.000,1.05
828,6795262448240,6795262451767,6795262451843,6795262451843,6795262461966,16.35,16.32,1.37,0.000,1.01
829,6795262610961,6795262614625,6795262614727,6795262614727,6795262623566,16.27,16.16,1.26,0.000,0.88
830,6795262773857,6795262777599,6795262777689,6795262777689,6795262786940,16.29,16.34,1.31,0.000,0.93
831,6795262937697,6795262940727,6795262940812,6795262940812,6795262949020,16.38,16.21,1.13,0.000,0.82
832,6795263100679,6795263103904,6795263103996,6795263103996,6795263113322,16.30,16.43,1.26,0.000,0.93
833,6795263264954,6795263268339,6795263268441,6795263268441,6795263277770,16.43,16.44,1.28,0.000,0.93
834,6795263426433,6795263429551,6795263429620,6795263429620,6795263437696,16.15,15.99,1.13,0.000,0.81
835,6795263589490,6795263592903,6795263592979,6795263592979,6795263601425,16.31,16.37,1.19,0.000,0.84
836,6795263753032,6795263757436,6795263757619,6795263757619,6795263771223,16.35,16.98,1.82,0.000,1.36
837,6795263915629,6795263918813,6795263918887,6795263918887,6795263927304,16.26,15.61,1.17,0.000,0.84
838,6795264079293,6795264082426,6795264082501,6795264082501,6795264090559,16.37,16.33,1.13,0.000,0.81
839,6795264241956,6795264244655,6795264244717,6795264244717,6795264253146,16.27,16.26,1.12,0.000,0.84
840,6795264404712,6795264408377,6795264408450,6795264408450,6795264419492,16.28,16.63,1.48,0.000,1.10
841,6795264571428,6795264575470,6795264575557,6795264575557,6795264583748,16.67,16.43,1.23,0.000,0.82
842,6795264732531,6795264737031,6795264737105,6795264737105,6795264745267,16.11,16.15,1.27,0.000,0.82
843,6795264894789,6795264897861,6795264897945,6795264897945,6795264906615,16.23,16.13,1.18,0.000,0.87
844,6795265058857,6795265062747,6795265062837,6795265062837,6795265072814,16.41,16.62,1.40,0.000,1.00
845,6795265220092,6795265223290,6795265223369,6795265223369,6795265232874,16.12,16.01,1.28,0.000,0.95
846,6795265383930,6795265387142,6795265387250,6795265387250,6795265398571,16.38,16.57,1.46,0.000,1.13
847,6795265546240,6795265549381,6795265549468,6795265549468,6795265561275,16.23,16.27,1.50,0.000,1.18
848,6795265710604,6795265713905,6795265713999,6795265713999,6795265726194,16.44,16.49,1.56,0.000,1.22
849,6795265873894,6795265877170,6795265877271,6795265877271,6795265887171,16.33,16.10,1.33,0.000,0.99
850,6795266036784,6795266040036,6795266040120,6795266040120,6795266052473,16.29,16.53,1.57,0.000,1.24
851,6795266198974,6795266202307,6795266202372,6795266202372,6795266210296,16.22,15.78,1.13,0.000,0.79
852,6795266366476,6795266370638,6795266370710,6795266370710,6795266379415,16.75,16.91,1.29,0.000,0.87
853,6795266527782,6795266531389,6795266531475,6795266531475,6795266539321,16.13,15.99,1.15,0.000,0.78
854,6795266688647,6795266691935,6795266692024,6795266692024,6795266702758,16.09,16.34,1.41,0.000,1.07
855,6795266851422,6795266855129,6795266855212,6795266855212,6795266867909,16.28,16.52,1.65,0.000,1.27
856,6795267014770,6795267017697,6795267017771,6795267017771,6795267024329,16.33,15.64,0.96,0.000,0.66
857,6795267178966,6795267182193,6795267182277,6795267182277,6795267190576,16.42,16.62,1.16,0.000,0.83
858,6795267341471,6795267344163,6795267344226,6795267344226,6795267352375,16.25,16.18,1.09,0.000,0.81
859,6795267506529,6795267510859,6795267510981,6795267510981,6795267520305,16.51,16.79,1.38,0.000,0.93
860,6795267668908,6795267672346,6795267672420,6795267672420,6795267681186,16.24,16.09,1.23,0.000,0.88
861,6795267830482,6795267833445,6795267833516,6795267833516,6795267841904,16.16,16.07,1.14,0.000,0.84
862,6795267993919,6795267997188,6795267997280,6795267997280,6795268008513,16.34,16.66,1.46,0.000,1.12
863,6795268157533,6795268161340,6795268161423,6795268161423,6795268177601,16.36,16.91,2.01,0.000,1.62
864,6795268327503,6795268333807,6795268333923,6795268333923,6795268343764,17.00,16.62,1.63,0.000,0.98
865,6795268484149,6795268487465,6795268487528,6795268487528,6795268496666,15.66,15.29,1.25,0.000,0.91
866,6795268646193,6795268649347,6795268649413,6795268649413,6795268660602,16.20,16.39,1.44,0.000,1.12
867,6795268809450,6795268812471,6795268812559,6795268812559,6795268821309,16.33,16.07,1.19,0.000,0.88
868,6795268973398,6795268977019,6795268977161,6795268977161,6795268987603,16.39,16.63,1.42,0.000,1.04
869,6795269135142,6795269138218,6795269138298,6795269138298,6795269146865,16.17,15.93,1.17,0.000,0.86
870,6795269298364,6795269301080,6795269301144,6795269301144,6795269310003,16.32,16.31,1.16,0.000,0.89
871,6795269465169,6795269469983,6795269470049,6795269470049,6795269477866,16.68,16.79,1.27,0.000,0.78
872,6795269624470,6795269627209,6795269627277,6795269627277,6795269635551,15.93,15.77,1.11,0.000,0.83
873,6795269788091,6795269790826,6795269790897,6795269790897,6795269802834,16.36,16.73,1.47,0.000,1.19
874,6795269950920,6795269954539,6795269954654,6795269954654,6795269963572,16.28,16.07,1.27,0.000,0.89
875,6795270113898,6795270116653,6795270116726,6795270116726,6795270125117,16.30,16.15,1.12,0.000,0.84
876,6795270277268,6795270280322,6795270280394,6795270280394,6795270288925,16.34,16.38,1.17,0.000,0.85
877,6795270440628,6795270443719,6795270443781,6795270443781,6795270452368,16.34,16.34,1.17,0.000,0.86
878,6795270603307,6795270606073,6795270606136,6795270606136,6795270614452,16.27,16.21,1.11,0.000,0.83
879,6795270767047,6795270770446,6795270770499,6795270770499,6795270779089,16.37,16.46,1.20,0.000,0.86
880,6795270929528,6795270932245,6795270932309,6795270932309,6795270940719,16.25,16.16,1.12,0.000,0.84
881,6795271093228,6795271096035,6795271096107,6795271096107,6795271103952,16.37,16.32,1.07,0.000,0.78
882,6795271257386,6795271261615,6795271261719,6795271261719,6795271272544,16.42,16.86,1.52,0.000,1.08
883,6795271418825,6795271421653,6795271421718,6795271421718,6795271429842,16.14,15.73,1.10,0.000,0.81
884,6795271583630,6795271587086,6795271587172,6795271587172,6795271596079,16.48,16.62,1.24,0.000,0.89
885,6795271745190,6795271747920,6795271747993,6795271747993,6795271756841,16.16,16.08,1.17,0.000,0.88
886,6795271908491,6795271911226,6795271911297,6795271911297,6795271919734,16.33,16.29,1.12,0.000,0.84
887,6795272072307,6795272076125,6795272076201,6795272076201,6795272085503,16.38,16.58,1.32,0.000,0.93
888,6795272235564,6795272238285,6795272238351,6795272238351,6795272246734,16.33,16.12,1.12,0.000,0.84
889,6795272397815,6795272401030,6795272401097,6795272401097,6795272409618,16.23,16.29,1.18,0.000,0.85
890,6795272562993,6795272566673,6795272566785,6795272566785,6795272576160,16.52,16.65,1.32,0.000,0.94
891,6795272724105,6795272727190,6795272727274,6795272727274,6795272736388,16.11,16.02,1.23,0.000,0.91
892,6795272887846,6795272891148,6795272891220,6795272891220,6795272900405,16.37,16.40,1.26,0.000,0.92
893,6795273050049,6795273053422,6795273053510,6795273053510,6795273062771,16.22,16.24,1.27,0.000,0.93
894,6795273213891,6795273216979,6795273217041,6795273217041,6795273225982,16.38,16.32,1.21,0.000,0.89
895,6795273377102,6795273380185,6795273380262,6795273380262,6795273389166,16.32,16.32,1.21,0.000,0.89
896,6795273539391,6795273542430,6795273542512,6795273542512,6795273551159,16.23,16.20,1.18,0.000,0.86
897,6795273702824,6795273706026,6795273706097,6795273706097,6795273714659,16.34,16.35,1.18,0.000,0.86
898,6795273867111,6795273870493,6795273870570,6795273870570,6795273879544,16.43,16.49,1.24,0.000,0.90
899,6795274028551,6795274031543,6795274031601,6795274031601,6795274039962,16.14,16.04,1.14,0.000,0.84
900,6795274192498,6795274195993,6795274196038,6795274196038,6795274204855,16.39,16.49,1.24,0.000,0.88
901,6795274355529,6795274359127,6795274359215,6795274359215,6795274370072,16.30,16.52,1.45,0.000,1.09
902,6795274518145,6795274521154,6795274521214,6795274521214,6795274530303,16.26,16.02,1.22,0.000,0.91
903,6795274681713,6795274684492,6795274684562,6795274684562,6795274692684,16.36,16.24,1.10,0.000,0.81
904,6795274844223,6795274846913,6795274846999,6795274846999,6795274862036,16.25,16.94,1.78,0.000,1.50
905,6795275007547,6795275010259,6795275010327,6795275010327,6795275018510,16.33,15.65,1.10,0.000,0.82
906,6795275172126,6795275175810,6795275175922,6795275175922,6795275186274,16.46,16.78,1.41,0.000,1.04
907,6795275334268,6795275337094,6795275337171,6795275337171,6795275345537,16.21,15.93,1.13,0.000,0.84
908,6795275497459,6795275500208,6795275500276,6795275500276,6795275508498,16.32,16.30,1.10,0.000,0.82
909,6795275661064,6795275664260,6795275664346,6795275664346,6795275673843,16.36,16.53,1.28,0.000,0.95
910,6795275823292,6795275826062,6795275826133,6795275826133,6795275834387,16.22,16.05,1.11,0.000,0.83
911,6795275986685,6795275989400,6795275989462,6795275989462,6795275997765,16.34,16.34,1.11,0.000,0.83
912,6795276150196,6795276153400,6795276153484,6795276153484,6795276163309,16.35,16.55,1.31,0.000,0.98
913,6795276314930,6795276320210,6795276320276,6795276320276,6795276328626,16.47,16.53,1.37,0.000,0.83
914,6795276477487,6795276480984,6795276481086,6795276481086,6795276492992,16.26,16.44,1.55,0.000,1.19
915,6795276639134,6795276642627,6795276642708,6795276642708,6795276651563,16.16,15.86,1.24,0.000,0.89
916,6795276803530,6795276806778,6795276806917,6795276806917,6795276816865,16.44,16.53,1.33,0.000,0.99
917,6795276967886,6795276972081,6795276972208,6795276972208,6795276982595,16.44,16.57,1.47,0.000,1.04
918,6795277129412,6795277132165,6795277132235,6795277132235,6795277140572,16.15,15.80,1.12,0.000,0.83
919,6795277291710,6795277295040,6795277295124,6795277295124,6795277304046,16.23,16.35,1.23,0.000,0.89
920,6795277455369,6795277459326,6795277459442,6795277459442,6795277470616,16.37,16.66,1.52,0.000,1.12
921,6795277618355,6795277621243,6795277621324,6795277621324,6795277629105,16.30,15.85,1.07,0.000,0.78
922,6795277781279,6795277784011,6795277784090,6795277784090,6795277793003,16.29,16.39,1.17,0.000,0.89
923,6795277944143,6795277946845,6795277946918,6795277946918,6795277962667,16.29,16.97,1.85,0.000,1.57
924,6795278107708,6795278110577,6795278110667,6795278110667,6795278119326,16.36,15.67,1.16,0.000,0.87
925,6795278273866,6795278277906,6795278278003,6795278278003,6795278289770,16.62,17.04,1.59,0.000,1.18
926,6795278434403,6795278437598,6795278437674,6795278437674,6795278447318,16.05,15.75,1.29,0.000,0.96
927,6795278596695,6795278599687,6795278599761,6795278599761,6795278608121,16.23,16.08,1.14,0.000,0.84
928,6795278760756,6795278764428,6795278764509,6795278764509,6795278773718,16.41,16.56,1.30,0.000,0.92
929,6795278922377,6795278925214,6795278925275,6795278925275,6795278933507,16.16,15.98,1.11,0.000,0.82
930,6795279087442,6795279090704,6795279090756,6795279090756,6795279099059,16.51,16.56,1.16,0.000,0.83
931,6795279249324,6795279252340,6795279252420,6795279252420,6795279261740,16.19,16.27,1.24,0.000,0.93
932,6795279412329,6795279415107,6795279415199,6795279415199,6795279423654,16.30,16.19,1.13,0.000,0.85
933,6795279578866,6795279582840,6795279582911,6795279582911,6795279590540,16.65,16.69,1.17,0.000,0.76
934,6795279738611,6795279741388,6795279741446,6795279741446,6795279749855,15.97,15.93,1.12,0.000,0.84
935,6795279902016,6795279904925,6795279905002,6795279905002,6795279913580,16.34,16.37,1.16,0.000,0.86
936,6795280066428,6795280070606,6795280070659,6795280070659,6795280079819,16.44,16.62,1.34,0.000,0.92
937,6795280228311,6795280231850,6795280231933,6795280231933,6795280241719,16.19,16.19,1.34,0.000,0.98
938,6795280391453,6795280394543,6795280394647,6795280394647,6795280405389,16.31,16.37,1.39,0.000,1.07
939,6795280553788,6795280557528,6795280557644,6795280557644,6795280568221,16.23,16.28,1.44,0.000,1.06
940,6795280716972,6795280719947,6795280720024,6795280720024,6795280729182,16.32,16.10,1.22,0.000,0.92
941,6795280880866,6795280884213,6795280884303,6795280884303,6795280892868,16.39,16.37,1.20,0.000,0.86
942,6795281044808,6795281047828,6795281047904,6795281047904,6795281057485,16.39,16.46,1.27,0.000,0.96
943,6795281207115,6795281210183,6795281210248,6795281210248,6795281219738,16.23,16.23,1.26,0.000,0.95
944,6795281371782,6795281375162,6795281375249,6795281375249,6795281384291,16.47,16.46,1.25,0.000,0.90
945,6795281532372,6795281535182,6795281535238,6795281535238,6795281543421,16.06,15.91,1.10,0.000,0.82
946,6795281695993,6795281698724,6795281698798,6795281698798,6795281707375,16.36,16.40,1.14,0.000,0.86
947,6795281860035,6795281863974,6795281864077,6795281864077,6795281873900,16.40,16.65,1.39,0.000,0.98
948,6795282022761,6795282025443,6795282025513,6795282025513,6795282033824,16.27,15.99,1.11,0.000,0.83
949,6795282185193,6795282187919,6795282187987,6795282187987,6795282196595,16.24,16.28,1.14,0.000,0.86
950,6795282348587,6795282351392,6795282351486,6795282351486,6795282360749,16.34,16.42,1.22,0.000,0.93
951,6795282511196,6795282513975,6795282514043,6795282514043,6795282521818,16.26,16.11,1.06,0.000,0.78
952,6795282675188,6795282678656,6795282678755,6795282678755,6795282688267,16.40,16.64,1.31,0.000,0.95
953,6795282838727,6795282842540,6795282842638,6795282842638,6795282851952,16.35,16.37,1.32,0.000,0.93
954,6795283001043,6795283004144,6795283004221,6795283004221,6795283055049,16.23,20.31,5.40,0.000,5.08
955,6795283165639,6795283169980,6795283170112,6795283170112,6795283181869,16.46,12.68,1.62,0.000,1.18
956,6795283327661,6795283330718,6795283331116,6795283331116,6795283386311,16.20,20.44,5.87,0.000,5.52
957,6795283490530,6795283493659,6795283493733,6795283493733,6795283501736,16.29,11.54,1.12,0.000,0.80
958,6795283656403,6795283661937,6795283662038,6795283662038,6795283675083,16.59,17.33,1.87,0.000,1.30
959,6795283817757,6795283821365,6795283821468,6795283821468,6795283829831,16.14,15.47,1.21,0.000,0.84
960,6795283979623,6795283983279,6795283983393,6795283983393,6795283992791,16.19,16.30,1.32,0.000,0.94
961,6795284143077,6795284146245,6795284146314,6795284146314,6795284155152,16.35,16.24,1.21,0.000,0.88
962,6795284306050,6795284309108,6795284309179,6795284309179,6795284318261,16.30,16.31,1.22,0.000,0.91
963,6795284470272,6795284473609,6795284473691,6795284473691,6795284483134,16.42,16.49,1.29,0.000,0.94
964,6795284632074,6795284634838,6795284634899,6795284634899,6795284644098,16.18,16.10,1.20,0.000,0.92
965,6795284794969,6795284797828,6795284797899,6795284797899,6795284806479,16.29,16.24,1.15,0.000,0.86
966,6795284959050,6795284962588,6795284962709,6795284962709,6795284974430,16.41,16.80,1.54,0.000,1.17
967,6795285121600,6795285124377,6795285124446,6795285124446,6795285132737,16.25,15.83,1.11,0.000,0.83
968,6795285287299,6795285291108,6795285291197,6795285291197,6795285299207,16.57,16.65,1.19,0.000,0.80
969,6795285449293,6795285452692,6795285452793,6795285452793,6795285463971,16.20,16.48,1.47,0.000,1.12
970,6795285612398,6795285615688,6795285615776,6795285615776,6795285624208,16.31,16.02,1.18,0.000,0.84
971,6795285775414,6795285779135,6795285779234,6795285779234,6795285788269,16.30,16.41,1.29,0.000,0.90
972,6795285937776,6795285940974,6795285941041,6795285941041,6795285949904,16.24,16.16,1.21,0.000,0.89
973,6795286100116,6795286103137,6795286103216,6795286103216,6795286112674,16.23,16.28,1.26,0.000,0.95
974,6795286264351,6795286268193,6795286268305,6795286268305,6795286279118,16.42,16.64,1.48,0.000,1.08
975,6795286427272,6795286430538,6795286430621,6795286430621,6795286439252,16.29,16.01,1.20,0.000,0.86
976,6795286589439,6795286592113,6795286592174,6795286592174,6795286603125,16.22,16.39,1.37,0.000,1.10
977,6795286752596,6795286756173,6795286756309,6795286756309,6795286767491,16.32,16.44,1.49,0.000,1.12
978,6795286915594,6795286918386,6795286918461,6795286918461,6795286926677,16.30,15.92,1.11,0.000,0.82
979,6795287079390,6795287082810,6795287082906,6795287082906,6795287092470,16.38,16.58,1.31,0.000,0.96
980,6795287242305,6795287245567,6795287245628,6795287245628,6795287254767,16.29,16.23,1.25,0.000,0.91
981,6795287405362,6795287408715,6795287408784,6795287408784,6795287417007,16.31,16.22,1.16,0.000,0.82
982,6795287570818,6795287575165,6795287575267,6795287575267,6795287585222,16.55,16.82,1.44,0.000,1.00
983,6795287731807,6795287735231,6795287735314,6795287735314,6795287744006,16.10,15.88,1.22,0.000,0.87
984,6795287894892,6795287898640,6795287898748,6795287898748,6795287908771,16.31,16.48,1.39,0.000,1.00
985,6795288058018,6795288062070,6795288062141,6795288062141,6795288079174,16.31,17.04,2.12,0.000,1.70
986,6795288229211,6795288235403,6795288235515,6795288235515,6795288250895,17.12,17.17,2.17,0.000,1.54
987,6795288393190,6795288399101,6795288399195,6795288399195,6795288411170,16.40,16.03,1.80,0.000,1.20
988,6795288548186,6795288551603,6795288551707,6795288551707,6795288564807,15.50,15.36,1.66,0.000,1.31
989,6795288710344,6795288713841,6795288713918,6795288713918,6795288722688,16.22,15.79,1.23,0.000,0.88
990,6795288874101,6795288877440,6795288877527,6795288877527,6795288886340,16.38,16.37,1.22,0.000,0.88
991,6795289036452,6795289039132,6795289039216,6795289039216,6795289047352,16.24,16.10,1.09,0.000,0.81
992,6795289200270,6795289203677,6795289203683,6795289203683,6795289212844,16.38,16.55,1.26,0.000,0.92
993,6795289200270,6795289203677,6795289212972,6795289212972,6795289254097,0.00,4.13,5.38,0.000,4.11
994,6795289362877,6795289366529,6795289367483,6795289367483,6795289377677,16.26,12.36,1.48,0.000,1.02
995,6795289525804,6795289528513,6795289528591,6795289528591,6795289536918,16.29,15.92,1.11,0.000,0.83
996,6795289688393,6795289691091,6795289691169,6795289691169,6795289700413,16.26,16.35,1.20,0.000,0.92
997,6795289851348,6795289854258,6795289854360,6795289854360,6795289863305,16.30,16.29,1.20,0.000,0.89
998,6795290015155,6795290017886,6795290017981,6795290017981,6795290026498,16.38,16.32,1.13,0.000,0.85
999,6795290181005,6795290185373,6795290185444,6795290185444,6795290194254,16.59,16.78,1.32,0.000,0.88
1000,6795290345109,6795290350714,6795290350828,6795290350828,6795290362273,16.41,16.80,1.72,0.000,1.14
1001,6795290507171,6795290511263,6795290511387,6795290511387,6795290521679,16.21,15.94,1.45,0.000,1.03
1002,6795290672138,6795290676468,6795290676609,6795290676609,6795290687773,16.50,16.61,1.56,0.000,1.12
1003,6795290832662,6795290836561,6795290836638,6795290836638,6795290847113,16.05,15.93,1.45,0.000,1.05
1004,6795290995072,6795290998610,6795290998712,6795290998712,6795291007919,16.24,16.08,1.28,0.000,0.92
1005,6795291157130,6795291160875,6795291160986,6795291160986,6795291170271,16.21,16.24,1.31,0.000,0.93
1006,6795291319735,6795291322890,6795291322955,6795291322955,6795291331706,16.26,16.14,1.20,0.000,0.88
1007,6795291483287,6795291486343,6795291486390,6795291486390,6795291495191,16.36,16.35,1.19,0.000,0.88
1008,6795291646864,6795291649883,6795291649951,6795291649951,6795291661141,16.36,16.59,1.43,0.000,1.12
1009,6795291809805,6795291812877,6795291812943,6795291812943,6795291821427,16.29,16.03,1.16,0.000,0.85
1010,6795291973538,6795291977066,6795291977129,6795291977129,6795291986835,16.37,16.54,1.33,0.000,0.97
1011,6795292135618,6795292138685,6795292138926,6795292138926,6795292147157,16.21,16.03,1.15,0.000,0.82
1012,6795292299137,6795292302125,6795292302219,6795292302219,6795292311403,16.35,16.42,1.23,0.000,0.92
1013,6795292462680,6795292466089,6795292466182,6795292466182,6795292475724,16.35,16.43,1.30,0.000,0.95
1014,6795292624500,6795292627263,6795292627347,6795292627347,6795292637079,16.18,16.14,1.26,0.000,0.97
1015,6795292788114,6795292791562,6795292791638,6795292791638,6795292799718,16.36,16.26,1.16,0.000,0.81
1016,6795292950952,6795292953754,6795292953819,6795292953819,6795292965885,16.28,16.62,1.49,0.000,1.21
1017,6795293113918,6795293116639,6795293116707,6795293116707,6795293125434,16.30,15.95,1.15,0.000,0.87
1018,6795293280646,6795293284252,6795293284338,6795293284338,6795293292603,16.67,16.72,1.20,0.000,0.83
1019,6795293440814,6795293443603,6795293443667,6795293443667,6795293451818,16.02,15.92,1.10,0.000,0.82
1020,6795293604190,6795293606930,6795293606999,6795293606999,6795293615943,16.34,16.41,1.18,0.000,0.89
1021,6795293767259,6795293771017,6795293771124,6795293771124,6795293779638,16.31,16.37,1.24,0.000,0.85
1022,6795293930278,6795293933131,6795293933201,6795293933201,6795293941506,16.30,16.19,1.12,0.000,0.83
1023,6795294093436,6795294096658,6795294096731,6795294096731,6795294105076,16.32,16.36,1.16,0.000,0.83
1024,6795294257761,6795294263610,6795294263679,6795294263679,6795294276714,16.43,17.16,1.90,0.000,1.30
1025,6795294420234,6795294423884,6795294423959,6795294423959,6795294432067,16.25,15.54,1.18,0.000,0.81
1026,6795294583800,6795294587072,6795294587161,6795294587161,6795294596175,16.36,16.41,1.24,0.000,0.90
1027,6795294746591,6795294749284,6795294749357,6795294749357,6795294758053,16.28,16.19,1.15,0.000,0.87
1028,6795294909836,6795294912562,6795294912671,6795294912671,6795294922223,16.32,16.42,1.24,0.000,0.96
1029,6795295074217,6795295077417,6795295077486,6795295077486,6795295088372,16.44,16.61,1.42,0.000,1.09
1030,6795295235573,6795295238321,6795295238395,6795295238395,6795295247036,16.14,15.87,1.15,0.000,0.86
1031,6795295399898,6795295403523,6795295403603,6795295403603,6795295412131,16.43,16.51,1.22,0.000,0.85
1032,6795295564457,6795295568073,6795295568183,6795295568183,6795295579973,16.46,16.78,1.55,0.000,1.18
1033,6795295724949,6795295728057,6795295728150,6795295728150,6795295736696,16.05,15.67,1.17,0.000,0.85
1034,6795295889273,6795295892655,6795295892746,6795295892746,6795295901733,16.43,16.50,1.25,0.000,0.90
1035,6795296051978,6795296054837,6795296054914,6795296054914,6795296065682,16.27,16.39,1.37,0.000,1.08
1036,6795296214566,6795296217293,6795296217357,6795296217357,6795296226179,16.26,16.05,1.16,0.000,0.88
1037,6795296378728,6795296381832,6795296381922,6795296381922,6795296390282,16.42,16.41,1.16,0.000,0.84
1038,6795296541225,6795296543963,6795296544021,6795296544021,6795296552642,16.25,16.24,1.14,0.000,0.86
1039,6795296704340,6795296707223,6795296707287,6795296707287,6795296715011,16.31,16.24,1.07,0.000,0.77
1040,6795296868127,6795296871360,6795296871456,6795296871456,6795296879986,16.38,16.50,1.19,0.000,0.85
1041,6795297030342,6795297033155,6795297033224,6795297033224,6795297041592,16.22,16.16,1.12,0.000,0.84
1042,6795297193521,6795297196410,6795297196473,6795297196473,6795297204920,16.32,16.33,1.14,0.000,0.84
1043,6795297355887,6795297359501,6795297359611,6795297359611,6795297369344,16.24,16.44,1.35,0.000,0.97
1044,6795297519776,6795297522846,6795297522913,6795297522913,6795297531431,16.39,16.21,1.17,0.000,0.85
1045,6795297684021,6795297687026,6795297687119,6795297687119,6795297695315,16.42,16.39,1.13,0.000,0.82
1046,6795297845518,6795297848347,6795297848406,6795297848406,6795297856995,16.15,16.17,1.15,0.000,0.86
1047,6795298008684,6795298011307,6795298011392,6795298011392,6795298019815,16.32,16.28,1.11,0.000,0.84
1048,6795298172346,6795298175486,6795298175576,6795298175576,6795298185639,16.37,16.58,1.33,0.000,1.01
1049,6795298341385,6795298347459,6795298347570,6795298347570,6795298356327,16.90,17.07,1.49,0.000,0.88
1050,6795298498430,6795298502067,6795298502138,6795298502138,6795298511371,15.70,15.50,1.29,0.000,0.92
1051,6795298661960,6795298665721,6795298665831,6795298665831,6795298675592,16.35,16.42,1.36,0.000,0.98
1052,6795298824411,6795298827975,6795298828043,6795298828043,6795298837003,16.25,16.14,1.26,0.000,0.90
1053,6795298991839,6795298995553,6795298995652,6795298995652,6795299003811,16.74,16.68,1.20,0.000,0.82
1054,6795299151136,6795299154159,6795299154224,6795299154224,6795299166464,15.93,16.27,1.53,0.000,1.22
1055,6795299314805,6795299318371,6795299318445,6795299318445,6795299327562,16.37,16.11,1.28,0.000,0.91
1056,6795299479157,6795299482865,6795299482959,6795299482959,6795299494459,16.44,16.69,1.53,0.000,1.15
1057,6795299639577,6795299642816,6795299642893,6795299642893,6795299651223,16.04,15.68,1.16,0.000,0.83
1058,6795299803160,6795299806262,6795299806313,6795299806313,6795299815298,16.36,16.41,1.21,0.000,0.90
1059,6795299967207,6795299970933,6795299971006,6795299971006,6795299980532,16.40,16.52,1.33,0.000,0.95
1060,6795300129133,6795300132098,6795300132162,6795300132162,6795300140817,16.19,16.03,1.17,0.000,0.87
1061,6795300292403,6795300295218,6795300295282,6795300295282,6795300303480,16.33,16.27,1.11,0.000,0.82
1062,6795300456136,6795300459634,6795300459761,6795300459761,6795300469724,16.37,16.62,1.36,0.000,1.00
1063,6795300618165,6795300620876,6795300620939,6795300620939,6795300629037,16.20,15.93,1.09,0.000,0.81
1064,6795300782572,6795300785611,6795300785684,6795300785684,6795300794552,16.44,16.55,1.20,0.000,0.89
1065,6795300945251,6795300947977,6795300948051,6795300948051,6795300956063,16.27,16.15,1.08,0.000,0.80
1066,6795301107260,6795301109987,6795301110052,6795301110052,6795301118467,16.20,16.24,1.12,0.000,0.84
1067,6795301274348,6795301278325,6795301278423,6795301278423,6795301287085,16.71,16.86,1.27,0.000,0.87
1068,6795301434268,6795301437041,6795301437113,6795301437113,6795301445784,15.99,15.87,1.15,0.000,0.87
1069,6795301597678,6795301600520,6795301600601,6795301600601,6795301609284,16.34,16.35,1.16,0.000,0.87
1070,6795301761034,6795301765201,6795301765297,6795301765297,6795301775017,16.34,16.57,1.40,0.000,0.97
1071,6795301924409,6795301927131,6795301927193,6795301927193,6795301935606,16.34,16.06,1.12,0.000,0.84
1072,6795302087559,6795302090198,6795302090283,6795302090283,6795302099005,16.32,16.34,1.14,0.000,0.87
1073,6795302249651,6795302252413,6795302252478,6795302252478,6795302261158,16.21,16.22,1.15,0.000,0.87
1074,6795302412700,6795302415485,6795302415550,6795302415550,6795302424238,16.30,16.31,1.15,0.000,0.87
1075,6795302578086,6795302581277,6795302581379,6795302581379,6795302590123,16.54,16.59,1.20,0.000,0.87
1076,6795302739271,6795302742383,6795302742477,6795302742477,6795302751273,16.12,16.11,1.20,0.000,0.88
1077,6795302903056,6795302906000,6795302906073,6795302906073,6795302914417,16.38,16.31,1.14,0.000,0.83
1078,6795303068752,6795303073053,6795303073152,6795303073152,6795303080882,16.57,16.65,1.21,0.000,0.77
1079,6795303229063,6795303232294,6795303232357,6795303232357,6795303240947,16.03,16.01,1.19,0.000,0.86
1080,6795303391763,6795303395097,6795303395171,6795303395171,6795303404747,16.27,16.38,1.30,0.000,0.96
1081,6795303554736,6795303558031,6795303558099,6795303558099,6795303568528,16.30,16.38,1.38,0.000,1.04
1082,6795303717882,6795303721208,6795303721281,6795303721281,6795303729975,16.31,16.14,1.21,0.000,0.87
1083,6795303881608,6795303884596,6795303884659,6795303884659,6795303893944,16.37,16.40,1.23,0.000,0.93
1084,6795304044918,6795304047903,6795304047986,6795304047986,6795304056332,16.33,16.24,1.14,0.000,0.83
1085,6795304207781,6795304210530,6795304210599,6795304210599,6795304218804,16.29,16.25,1.10,0.000,0.82
1086,6795304371125,6795304374078,6795304374163,6795304374163,6795304383229,16.33,16.44,1.21,0.000,0.91
1087,6795304534005,6795304536853,6795304536931,6795304536931,6795304546594,16.29,16.34,1.26,0.000,0.97
1088,6795304696998,6795304699987,6795304700076,6795304700076,6795304710292,16.30,16.37,1.33,0.000,1.02
1089,6795304860539,6795304864353,6795304864433,6795304864433,6795304874154,16.35,16.39,1.36,0.000,0.97
1090,6795305023517,6795305026237,6795305026301,6795305026301,6795305036155,16.30,16.20,1.26,0.000,0.99
1091,6795305186416,6795305189441,6795305189519,6795305189519,6795305197824,16.29,16.17,1.14,0.000,0.83
1092,6795305349620,6795305352368,6795305352438,6795305352438,6795305361550,16.32,16.37,1.19,0.000,0.91
1093,6795305512502,6795305515174,6795305515236,6795305515236,6795305523429,16.29,16.19,1.09,0.000,0.82
1094,6795305676705,6795305679816,6795305679904,6795305679904,6795305689453,16.42,16.60,1.27,0.000,0.95
1095,6795305838258,6795305841357,6795305841443,6795305841443,6795305849815,16.16,16.04,1.16,0.000,0.84
1096,6795306001666,6795306004806,6795306004877,6795306004877,6795306013562,16.34,16.37,1.19,0.000,0.87
1097,6795306165854,6795306169593,6795306169674,6795306169674,6795306178721,16.42,16.52,1.29,0.000,0.90
1098,6795306328475,6795306331240,6795306331310,6795306331310,6795306340039,16.26,16.13,1.16,0.000,0.87
1099,6795306491206,6795306494702,6795306494776,6795306494776,6795306502776,16.27,16.27,1.16,0.000,0.80
1100,6795306653864,6795306657296,6795306657371,6795306657371,6795306668762,16.27,16.60,1.49,0.000,1.14
1101,6795306817682,6795306821077,6795306821143,6795306821143,6795306829233,16.38,16.05,1.16,0.000,0.81
1102,6795306981450,6795306985004,6795306985094,6795306985094,6795306993742,16.38,16.45,1.23,0.000,0.86
1103,6795307143820,6795307146945,6795307147021,6795307147021,6795307158206,16.24,16.45,1.44,0.000,1.12
1104,6795307307124,6795307310833,6795307310923,6795307310923,6795307320105,16.33,16.19,1.30,0.000,0.92
1105,6795307473472,6795307478513,6795307478741,6795307478741,6795307488218,16.63,16.81,1.47,0.000,0.95
1106,6795307634646,6795307638278,6795307638368,6795307638368,6795307648712,16.12,16.05,1.41,0.000,1.03
1107,6795307797575,6795307801406,6795307801485,6795307801485,6795307811606,16.29,16.29,1.40,0.000,1.01
1108,6795307960595,6795307964791,6795307964888,6795307964888,6795307978860,16.30,16.73,1.83,0.000,1.40
1109,6795308123895,6795308126883,6795308126954,6795308126954,6795308135491,16.33,15.66,1.16,0.000,0.85
1110,6795308292747,6795308298468,6795308298714,6795308298714,6795308312617,16.89,17.71,1.99,0.000,1.39
1111,6795308450476,6795308454154,6795308454270,6795308454270,6795308464538,15.77,15.19,1.41,0.000,1.03
1112,6795308612674,6795308615660,6795308615767,6795308615767,6795308625293,16.22,16.08,1.26,0.000,0.95
1113,6795308779789,6795308784879,6795308784954,6795308784954,6795308793456,16.71,16.82,1.37,0.000,0.85
1114,6795308938608,6795308941328,6795308941424,6795308941424,6795308950158,15.88,15.67,1.16,0.000,0.87
1115,6795309102876,6795309106018,6795309106085,6795309106085,6795309115485,16.43,16.53,1.26,0.000,0.94
1116,6795309266625,6795309270240,6795309270294,6795309270294,6795309280179,16.37,16.47,1.36,0.000,0.99
1117,6795309428239,6795309431262,6795309431343,6795309431343,6795309440284,16.16,16.01,1.20,0.000,0.89
1118,6795309592025,6795309595267,6795309595372,6795309595372,6795309604585,16.38,16.43,1.26,0.000,0.92
1119,6795309754315,6795309757617,6795309757694,6795309757694,6795309769405,16.23,16.48,1.51,0.000,1.17
1120,6795309918199,6795309922038,6795309922141,6795309922141,6795309931702,16.39,16.23,1.35,0.000,0.96
1121,6795310081620,6795310085630,6795310085756,6795310085756,6795310095583,16.34,16.39,1.40,0.000,0.98
1122,6795310244302,6795310247309,6795310247407,6795310247407,6795310256239,16.27,16.07,1.19,0.000,0.88
1123,6795310408603,6795310412072,6795310412129,6795310412129,6795310420284,16.43,16.40,1.17,0.000,0.82
1124,6795310572401,6795310576131,6795310576222,6795310576222,6795310586488,16.38,16.62,1.41,0.000,1.03
1125,6795310735907,6795310741466,6795310741549,6795310741549,6795310750306,16.35,16.38,1.44,0.000,0.88
1126,6795310898654,6795310902665,6795310902754,6795310902754,6795310915058,16.27,16.48,1.64,0.000,1.23
1127,6795311060246,6795311064241,6795311064355,6795311064355,6795311075223,16.16,16.02,1.50,0.000,1.09
1128,6795311223598,6795311227103,6795311227177,6795311227177,6795311237340,16.34,16.21,1.37,0.000,1.02
1129,6795311386634,6795311390587,6795311390700,6795311390700,6795311400596,16.30,16.33,1.40,0.000,0.99
1130,6795311549505,6795311552448,6795311552536,6795311552536,6795311561993,16.29,16.14,1.25,0.000,0.95
1131,6795311712058,6795311715110,6795311715200,6795311715200,6795311724121,16.26,16.21,1.21,0.000,0.89
1132,6795311876167,6795311879666,6795311879717,6795311879717,6795311889843,16.41,16.57,1.37,0.000,1.01
1133,6795312038059,6795312041836,6795312041920,6795312041920,6795312051304,16.19,16.15,1.32,0.000,0.94
1134,6795312201799,6795312205134,6795312205197,6795312205197,6795312214163,16.37,16.29,1.24,0.000,0.90
1135,6795312365485,6795312369307,6795312369392,6795312369392,6795312378106,16.37,16.39,1.26,0.000,0.87
1136,6795312527589,6795312530349,6795312530408,6795312530408,6795312538921,16.21,16.08,1.13,0.000,0.85
1137,6795312690264,6795312692969,6795312693045,6795312693045,6795312701953,16.27,16.30,1.17,0.000,0.89
1138,6795312853664,6795312856349,6795312856433,6795312856433,6795312865572,16.34,16.36,1.19,0.000,0.91
1139,6795313017178,6795313019987,6795313020062,6795313020062,6795313028185,16.35,16.26,1.10,0.000,0.81
1140,6795313180347,6795313183702,6795313183767,6795313183767,6795313194102,16.32,16.59,1.38,0.000,1.03
1141,6795313343898,6795313346691,6795313346747,6795313346747,6795313354846,16.36,16.07,1.09,0.000,0.81
1142,6795313506273,6795313509001,6795313509063,6795313509063,6795313517844,16.24,16.30,1.16,0.000,0.88
1143,6795313670785,6795313674558,6795313674632,6795313674632,6795313683855,16.45,16.60,1.31,0.000,0.92
1144,6795313832258,6795313835051,6795313835113,6795313835113,6795313844613,16.15,16.08,1.24,0.000,0.95
1145,6795313996687,6795313999645,6795313999730,6795313999730,6795314008345,16.44,16.37,1.17,0.000,0.86
1146,6795314158295,6795314162290,6795314162393,6795314162393,6795314177116,16.16,16.88,1.88,0.000,1.47
1147,6795314322924,6795314326167,6795314326238,6795314326238,6795314334551,16.46,15.74,1.16,0.000,0.83
1148,6795314486854,6795314491086,6795314491172,6795314491172,6795314500176,16.39,16.56,1.33,0.000,0.90
1149,6795314649520,6795314653081,6795314653158,6795314653158,6795314662570,16.27,16.24,1.30,0.000,0.94
1150,6795314812305,6795314815523,6795314815613,6795314815613,6795314824866,16.28,16.23,1.26,0.000,0.93
1151,6795314974190,6795314977797,6795314977908,6795314977908,6795314986598,16.19,16.17,1.24,0.000,0.87
1152,6795315137828,6795315141365,6795315141480,6795315141480,6795315152208,16.36,16.56,1.44,0.000,1.07
1153,6795315301703,6795315305304,6795315305409,6795315305409,6795315314945,16.39,16.27,1.32,0.000,0.95
1154,6795315465340,6795315469240,6795315469377,6795315469377,6795315481688,16.36,16.67,1.63,0.000,1.23
1155,6795315626849,6795315630059,6795315630147,6795315630147,6795315639277,16.15,15.76,1.24,0.000,0.91
1156,6795315791151,6795315795207,6795315795277,6795315795277,6795315805340,16.43,16.61,1.42,0.000,1.01
1157,6795315952737,6795315955639,6795315955704,6795315955704,6795315964564,16.16,15.92,1.18,0.000,0.89
1158,6795316115964,6795316118824,6795316118869,6795316118869,6795316127480,16.32,16.29,1.15,0.000,0.86
1159,6795316280536,6795316283880,6795316284091,6795316284091,6795316292375,16.46,16.49,1.18,0.000,0.83
1160,6795316442506,6795316445373,6795316445452,6795316445452,6795316454225,16.20,16.18,1.17,0.000,0.88
1161,6795316605370,6795316608132,6795316608202,6795316608202,6795316616623,16.29,16.24,1.13,0.000,0.84
1162,6795316771102,6795316774804,6795316774886,6795316774886,6795316783284,16.57,16.67,1.22,0.000,0.84
1163,6795316932002,6795316934766,6795316934844,6795316934844,6795316943258,16.09,16.00,1.13,0.000,0.84
1164,6795317094659,6795317097496,6795317097611,6795317097611,6795317107197,16.27,16.39,1.25,0.000,0.96
1165,6795317258169,6795317261777,6795317261888,6795317261888,6795317273727,16.35,16.65,1.56,0.000,1.18
1166,6795317420978,6795317423679,6795317423732,6795317423732,6795317432344,16.28,15.86,1.14,0.000,0.86
1167,6795317584382,6795317587661,6795317587727,6795317587727,6795317596822,16.34,16.45,1.24,0.000,0.91
1168,6795317747553,6795317750394,6795317750465,6795317750465,6795317758722,16.32,16.19,1.12,0.000,0.83
1169,6795317910850,6795317913649,6795317913717,6795317913717,6795317921998,16.33,16.33,1.11,0.000,0.83
1170,6795318075476,6795318078942,6795318079033,6795318079033,6795318088248,16.46,16.62,1.28,0.000,0.92
1171,6795318246823,6795318252573,6795318252675,6795318252675,6795318270554,17.13,18.23,2.37,0.000,1.79
1172,6795318404622,6795318408825,6795318408926,6795318408926,6795318419847,15.78,14.93,1.52,0.000,1.09
1173,6795318564906,6795318569091,6795318569198,6795318569198,6795318581061,16.03,16.12,1.62,0.000,1.19
1174,6795318726340,6795318729745,6795318729824,6795318729824,6795318741194,16.14,16.01,1.49,0.000,1.14
1175,6795318890723,6795318895002,6795318895104,6795318895104,6795318905860,16.44,16.47,1.51,0.000,1.08
1176,6795319057646,6795319063246,6795319063366,6795319063366,6795319075044,16.69,16.92,1.74,0.000,1.17
1177,6795319217920,6795319222080,6795319222177,6795319222177,6795319232691,16.03,15.76,1.48,0.000,1.05
1178,6795319379890,6795319382972,6795319383057,6795319383057,6795319393584,16.20,16.09,1.37,0.000,1.05
1179,6795319542840,6795319546415,6795319546489,6795319546489,6795319557794,16.30,16.42,1.50,0.000,1.13
1180,6795319704620,6795319707921,6795319708048,6795319708048,6795319717435,16.18,15.96,1.28,0.000,0.94
1181,6795319869123,6795319872836,6795319872925,6795319872925,6795319884579,16.45,16.71,1.55,0.000,1.17
1182,6795320031487,6795320034260,6795320034323,6795320034323,6795320043066,16.24,15.85,1.16,0.000,0.87
1183,6795320193697,6795320196726,6795320196801,6795320196801,6795320205209,16.22,16.21,1.15,0.000,0.84
1184,6795320357351,6795320360978,6795320361080,6795320361080,6795320372165,16.37,16.70,1.48,0.000,1.11
1185,6795320520278,6795320523333,6795320523407,6795320523407,6795320531543,16.29,15.94,1.13,0.000,0.81
1186,6795320684691,6795320687410,6795320687472,6795320687472,6795320696935,16.44,16.54,1.22,0.000,0.95
1187,6795320846821,6795320849758,6795320849841,6795320849841,6795320858244,16.21,16.13,1.14,0.000,0.84
1188,6795321010517,6795321013519,6795321013594,6795321013594,6795321022371,16.37,16.41,1.19,0.000,0.88
1189,6795321173977,6795321177373,6795321177495,6795321177495,6795321187618,16.35,16.52,1.36,0.000,1.01
1190,6795321343118,6795321347308,6795321347419,6795321347419,6795321359628,16.91,17.20,1.65,0.000,1.22
1191,6795321500667,6795321504537,6795321504629,6795321504629,6795321512829,15.75,15.32,1.22,0.000,0.82
1192,6795321665110,6795321671264,6795321671334,6795321671334,6795321682612,16.44,16.98,1.75,0.000,1.13
1193,6795321827016,6795321830771,6795321830852,6795321830852,6795321838917,16.19,15.63,1.19,0.000,0.81
1194,6795321988633,6795321991730,6795321991795,6795321991795,6795322000632,16.16,16.17,1.20,0.000,0.88
1195,6795322151957,6795322154793,6795322154865,6795322154865,6795322164108,16.33,16.35,1.22,0.000,0.92
1196,6795322314923,6795322318108,6795322318174,6795322318174,6795322327451,16.30,16.33,1.25,0.000,0.93
1197,6795322480631,6795322484648,6795322484726,6795322484726,6795322492883,16.57,16.54,1.23,0.000,0.82
1198,6795322641275,6795322644100,6795322644179,6795322644179,6795322652601,16.06,15.97,1.13,0.000,0.84
1199,6795322804545,6795322807524,6795322807599,6795322807599,6795322815867,16.33,16.33,1.13,0.000,0.83
1200,6795322967960,6795322971407,6795322971496,6795322971496,6795322984138,16.34,16.83,1.62,0.000,1.26
1201,6795323130212,6795323132988,6795323133046,6795323133046,6795323141252,16.23,15.71,1.10,0.000,0.82
1202,6795323293772,6795323296941,6795323297031,6795323297031,6795323305603,16.36,16.44,1.18,0.000,0.86
1203,6795323456502,6795323459454,6795323459523,6795323459523,6795323469094,16.27,16.35,1.26,0.000,0.96
1204,6795323620023,6795323622795,6795323622852,6795323622852,6795323631052,16.35,16.20,1.10,0.000,0.82
1205,6795323782797,6795323786055,6795323786129,6795323786129,6795323794272,16.28,16.32,1.15,0.000,0.81
1206,6795323946181,6795323948944,6795323949006,6795323949006,6795323957715,16.34,16.34,1.15,0.000,0.87
1207,6795324109161,6795324112425,6795324112499,6795324112499,6795324120626,16.30,16.29,1.15,0.000,0.81
1208,6795324274637,6795324277847,6795324277919,6795324277919,6795324287300,16.55,16.67,1.27,0.000,0.94
1209,6795324435564,6795324438458,6795324438518,6795324438518,6795324447063,16.09,15.98,1.15,0.000,0.85
1210,6795324598414,6795324601598,6795324601688,6795324601688,6795324611169,16.29,16.41,1.28,0.000,0.95
1211,6795324762051,6795324766252,6795324766380,6795324766380,6795324775857,16.36,16.47,1.38,0.000,0.95
1212,6795324925194,6795324928011,6795324928074,6795324928074,6795324936735,16.31,16.09,1.15,0.000,0.87
1213,6795325088488,6795325091198,6795325091275,6795325091275,6795325099947,16.33,16.32,1.15,0.000,0.87
1214,6795325250768,6795325253492,6795325253566,6795325253566,6795325262324,16.23,16.24,1.16,0.000,0.88
1215,6795325414970,6795325418469,6795325418572,6795325418572,6795325428163,16.42,16.58,1.32,0.000,0.96
1216,6795325578883,6795325582198,6795325582273,6795325582273,6795325591483,16.39,16.33,1.26,0.000,0.92
1217,6795325741803,6795325745077,6795325745163,6795325745163,6795325753827,16.29,16.23,1.20,0.000,0.87
1218,6795325904360,6795325907400,6795325907464,6795325907464,6795325916481,16.26,16.27,1.21,0.000,0.90
1219,6795326068082,6795326071998,6795326072113,6795326072113,6795326082348,16.37,16.59,1.43,0.000,1.02
1220,6795326230237,6795326233474,6795326233547,6795326233547,6795326243011,16.22,16.07,1.28,0.000,0.95
1221,6795326393221,6795326396665,6795326396733,6795326396733,6795326405686,16.30,16.27,1.25,0.000,0.90
1222,6795326556931,6795326560192,6795326560281,6795326560281,6795326571078,16.37,16.54,1.41,0.000,1.08
1223,6795326719214,6795326722733,6795326722803,6795326722803,6795326731523,16.23,16.04,1.23,0.000,0.87
1224,6795326883039,6795326886106,6795326886203,6795326886203,6795326895389,16.38,16.39,1.24,0.000,0.92
1225,6795327045913,6795327049200,6795327049272,6795327049272,6795327057209,16.29,16.18,1.13,0.000,0.79
1226,6795327210493,6795327214433,6795327214487,6795327214487,6795327223143,16.46,16.59,1.26,0.000,0.87
1227,6795327374145,6795327377493,6795327377582,6795327377582,6795327386160,16.37,16.30,1.20,0.000,0.86
1228,6795327535066,6795327537856,6795327537934,6795327537934,6795327546621,16.09,16.05,1.16,0.000,0.87
1229,6795327698080,6795327700826,6795327700888,6795327700888,6795327709527,16.30,16.29,1.14,0.000,0.86
1230,6795327860131,6795327863599,6795327863685,6795327863685,6795327875540,16.21,16.60,1.54,0.000,1.19
1231,6795328023699,6795328026469,6795328026536,6795328026536,6795328034708,16.36,15.92,1.10,0.000,0.82
1232,6795328197526,6795328203369,6795328203473,6795328203473,6795328215155,17.38,18.04,1.76,0.000,1.17
1233,6795328357106,6795328362625,6795328362774,6795328362774,6795328373067,15.96,15.79,1.60,0.000,1.03
1234,6795328513315,6795328516090,6795328516163,6795328516163,6795328524964,15.62,15.19,1.16,0.000,0.88
1235,6795328677334,6795328680349,6795328680428,6795328680428,6795328689085,16.40,16.41,1.18,0.000,0.87
1236,6795328839070,6795328842059,6795328842138,6795328842138,6795328850810,16.17,16.17,1.17,0.000,0.87
1237,6795329002386,6795329005133,6795329005206,6795329005206,6795329013530,16.33,16.27,1.11,0.000,0.83
1238,6795329166801,6795329170630,6795329170765,6795329170765,6795329181465,16.44,16.79,1.47,0.000,1.07
1239,6795329328977,6795329331793,6795329331867,6795329331867,6795329340044,16.22,15.86,1.11,0.000,0.82
1240,6795329492154,6795329494988,6795329495065,6795329495065,6795329503474,16.32,16.34,1.13,0.000,0.84
1241,6795329655360,6795329658143,6795329658212,6795329658212,6795329667744,16.32,16.43,1.24,0.000,0.95
1242,6795329818470,6795329821316,6795329821385,6795329821385,6795329829777,16.31,16.20,1.13,0.000,0.84
1243,6795329981856,6795329984964,6795329985034,6795329985034,6795329993814,16.34,16.40,1.20,0.000,0.88
1244,6795330145022,6795330148534,6795330148607,6795330148607,6795330158056,16.32,16.42,1.30,0.000,0.94
1245,6795330307533,6795330311001,6795330311076,6795330311076,6795330319908,16.25,16.19,1.24,0.000,0.88
1246,6795330471844,6795330475331,6795330475422,6795330475422,6795330485950,16.43,16.60,1.41,0.000,1.05
1247,6795330633210,6795330636085,6795330636176,6795330636176,6795330645161,16.14,15.92,1.20,0.000,0.90
1248,6795330797098,6795330800065,6795330800150,6795330800150,6795330809518,16.39,16.44,1.24,0.000,0.94
1249,6795330959797,6795330963207,6795330963274,6795330963274,6795330973164,16.27,16.36,1.34,0.000,0.99
1250,6795331122857,6795331125589,6795331125664,6795331125664,6795331134402,16.31,16.12,1.15,0.000,0.87
1251,6795331286763,6795331289504,6795331289569,6795331289569,6795331298315,16.39,16.39,1.16,0.000,0.87
1252,6795331449392,6795331452134,6795331452205,6795331452205,6795331460185,16.26,16.19,1.08,0.000,0.80
1253,6795331612777,6795331615478,6795331615536,6795331615536,6795331623916,16.34,16.37,1.11,0.000,0.84
1254,6795331776515,6795331779702,6795331779809,6795331779809,6795331788359,16.37,16.44,1.18,0.000,0.85
1255,6795331938727,6795331941691,6795331941778,6795331941778,6795331950171,16.22,16.18,1.14,0.000,0.84
1256,6795332102540,6795332105567,6795332105628,6795332105628,6795332115528,16.38,16.54,1.30,0.000,0.99
1257,6795332265507,6795332269569,6795332269672,6795332269672,6795332282575,16.30,16.70,1.71,0.000,1.29
1258,6795332427954,6795332430889,6795332430961,6795332430961,6795332439705,16.24,15.71,1.18,0.000,0.87
1259,6795332593365,6795332596722,6795332596805,6795332596805,6795332605416,16.54,16.57,1.21,0.000,0.86
1260,6795332753767,6795332756743,6795332756804,6795332756804,6795332766058,16.04,16.06,1.23,0.000,0.93
1261,6795332917595,6795332920871,6795332920948,6795332920948,6795332929358,16.38,16.33,1.18,0.000,0.84
1262,6795333081363,6795333084195,6795333084296,6795333084296,6795333092491,16.38,16.31,1.11,0.000,0.82
1263,6795333245725,6795333248555,6795333248593,6795333248593,6795333256765,16.44,16.43,1.10,0.000,0.82
1264,6795333407188,6795333409920,6795333410003,6795333410003,6795333418518,16.15,16.18,1.13,0.000,0.85
1265,6795333570987,6795333575163,6795333575255,6795333575255,6795333585046,16.38,16.65,1.41,0.000,0.98
1266,6795333732778,6795333735760,6795333735825,6795333735825,6795333744559,16.18,15.95,1.18,0.000,0.87
1267,6795333896275,6795333899544,6795333899614,6795333899614,6795333908245,16.35,16.37,1.20,0.000,0.86
1268,6795334059195,6795334062023,6795334062083,6795334062083,6795334072030,16.29,16.38,1.28,0.000,0.99
1269,6795334222255,6795334225310,6795334225391,6795334225391,6795334237475,16.31,16.54,1.52,0.000,1.21
1270,6795334385721,6795334388773,6795334388849,6795334388849,6795334397687,16.35,16.02,1.20,0.000,0.88
1271,6795334548660,6795334551430,6795334551500,6795334551500,6795334560386,16.29,16.27,1.17,0.000,0.89
1272,6795334711776,6795334714507,6795334714574,6795334714574,6795334723040,16.31,16.27,1.13,0.000,0.85
1273,6795334875998,6795334879198,6795334879272,6795334879272,6795334888454,16.42,16.54,1.25,0.000,0.92
1274,6795335039794,6795335043574,6795335043657,6795335043657,6795335052182,16.38,16.37,1.24,0.000,0.85
1275,6795335203517,6795335206891,6795335207008,6795335207008,6795335216411,16.37,16.42,1.29,0.000,0.94
1276,6795335365977,6795335369633,6795335369710,6795335369710,6795335378706,16.25,16.23,1.27,0.000,0.90
1277,6795335529821,6795335533074,6795335533158,6795335533158,6795335541596,16.38,16.29,1.18,0.000,0.84
1278,6795335691370,6795335694925,6795335695001,6795335695001,6795335703988,16.15,16.24,1.26,0.000,0.90
1279,6795335854183,6795335857413,6795335857485,6795335857485,6795335866291,16.28,16.23,1.21,0.000,0.88
1280,6795336017182,6795336020587,6795336020673,6795336020673,6795336029483,16.30,16.32,1.23,0.000,0.88
1281,6795336181168,6795336184348,6795336184442,6795336184442,6795336192590,16.40,16.31,1.14,0.000,0.81
1282,6795336343653,6795336346332,6795336346397,6795336346397,6795336354812,16.25,16.22,1.12,0.000,0.84
1283,6795336506318,6795336509018,6795336509084,6795336509084,6795336517512,16.27,16.27,1.12,0.000,0.84
1284,6795336670520,6795336674363,6795336674694,6795336674694,6795336687030,16.42,16.95,1.65,0.000,1.23
1285,6795336832718,6795336835709,6795336835788,6795336835788,6795336844388,16.22,15.74,1.17,0.000,0.86
1286,6795336996515,6795336999155,6795336999226,6795336999226,6795337008298,16.38,16.39,1.18,0.000,0.91
1287,6795337158949,6795337162627,6795337162705,6795337162705,6795337173025,16.24,16.47,1.41,0.000,1.03
1288,6795337323030,6795337326769,6795337326884,6795337326884,6795337336687,16.41,16.37,1.37,0.000,0.98
1289,6795337486849,6795337490350,6795337490454,6795337490454,6795337500013,16.38,16.33,1.32,0.000,0.96
1290,6795337649473,6795337653010,6795337653105,6795337653105,6795337661804,16.26,16.18,1.23,0.000,0.87
1291,6795337811594,6795337814655,6795337814727,6795337814727,6795337823322,16.21,16.15,1.17,0.000,0.86
1292,6795337976810,6795337980638,6795337980743,6795337980743,6795337991293,16.52,16.80,1.45,0.000,1.05
1293,6795338137480,6795338140574,6795338140644,6795338140644,6795338149165,16.07,15.79,1.17,0.000,0.85
1294,6795338303798,6795338308589,6795338308664,6795338308664,6795338321474,16.63,17.23,1.77,0.000,1.28
1295,6795338465692,6795338470012,6795338470107,6795338470107,6795338480952,16.19,15.95,1.53,0.000,1.08
1296,6795338626916,6795338629734,6795338629804,6795338629804,6795338638933,16.12,15.80,1.20,0.000,0.91
1297,6795338789956,6795338793057,6795338793128,6795338793128,6795338801968,16.30,16.30,1.20,0.000,0.88
1298,6795338953552,6795338956263,6795338956335,6795338956335,6795338965754,16.36,16.38,1.22,0.000,0.94
1299,6795339116827,6795339119560,6795339119619,6795339119619,6795339128023,16.33,16.23,1.12,0.000,0.84
1300,6795339281653,6795339284907,6795339284989,6795339284989,6795339294311,16.48,16.63,1.27,0.000,0.93
1301,6795339443177,6795339445957,6795339446026,6795339446026,6795339454318,16.15,16.00,1.11,0.000,0.83
1302,6795339606347,6795339609124,6795339609184,6795339609184,6795339617515,16.32,16.32,1.12,0.000,0.83
1303,6795339770325,6795339774108,6795339774194,6795339774194,6795339786166,16.40,16.87,1.58,0.000,1.20
1304,6795339931705,6795339934481,6795339934548,6795339934548,6795339943122,16.14,15.70,1.14,0.000,0.86
1305,6795340096282,6795340099068,6795340099140,6795340099140,6795340107075,16.46,16.40,1.08,0.000,0.79
1306,6795340258264,6795340261000,6795340261065,6795340261065,6795340270615,16.20,16.35,1.24,0.000,0.95
1307,6795340421282,6795340424101,6795340424172,6795340424172,6795340432676,16.30,16.21,1.14,0.000,0.85
1308,6795340585472,6795340588605,6795340588688,6795340588688,6795340598224,16.42,16.55,1.28,0.000,0.95
1309,6795340747478,6795340750235,6795340750298,6795340750298,6795340758321,16.20,16.01,1.08,0.000,0.80
1310,6795340910948,6795340913910,6795340913973,6795340913973,6795340922855,16.35,16.45,1.19,0.000,0.89
1311,6795341076573,6795341080491,6795341080588,6795341080588,6795341090126,16.56,16.73,1.36,0.000,0.95
1312,6795341237589,6795341240403,6795341240474,6795341240474,6795341249090,16.10,15.90,1.15,0.000,0.86
1313,6795341400696,6795341404021,6795341404089,6795341404089,6795341412439,16.31,16.33,1.17,0.000,0.83
1314,6795341564332,6795341568402,6795341568514,6795341568514,6795341579142,16.36,16.67,1.48,0.000,1.06
1315,6795341727454,6795341730781,6795341730843,6795341730843,6795341741113,16.31,16.20,1.37,0.000,1.03
1316,6795341890208,6795341893680,6795341893792,6795341893792,6795341903002,16.28,16.19,1.28,0.000,0.92
1317,6795342052281,6795342055255,6795342055349,6795342055349,6795342063655,16.21,16.07,1.14,0.000,0.83
1318,6795342215694,6795342218356,6795342218555,6795342218555,6795342227159,16.34,16.35,1.15,0.000,0.86
1319,6795342215694,6795342218356,6795342227287,6795342227287,6795342263757,0.00,3.66,4.81,0.000,3.65
1320,6795342381348,6795342384533,6795342384628,6795342384628,6795342396463,16.57,13.27,1.51,0.000,1.18
1321,6795342541655,6795342544370,6795342544426,6795342544426,6795342554084,16.03,15.76,1.24,0.000,0.97
1322,6795342705567,6795342708255,6795342708360,6795342708360,6795342716687,16.39,16.26,1.11,0.000,0.83
1323,6795342869930,6795342873479,6795342873581,6795342873581,6795342882302,16.44,16.56,1.24,0.000,0.87
1324,6795343032067,6795343034896,6795343034985,6795343034985,6795343044093,16.21,16.18,1.20,0.000,0.91
1325,6795343195229,6795343198347,6795343198427,6795343198427,6795343207562,16.32,16.35,1.23,0.000,0.91
1326,6795343357964,6795343361205,6795343361278,6795343361278,6795343371318,16.27,16.38,1.34,0.000,1.00
1327,6795343521181,6795343524305,6795343524377,6795343524377,6795343533125,16.32,16.18,1.19,0.000,0.87
1328,6795343684743,6795343687792,6795343687890,6795343687890,6795343697944,16.36,16.48,1.32,0.000,1.01
1329,6795343847077,6795343849948,6795343850038,6795343850038,6795343858350,16.23,16.04,1.13,0.000,0.83
1330,6795344010562,6795344013346,6795344013425,6795344013425,6795344021924,16.35,16.36,1.14,0.000,0.85
1331,6795344175815,6795344179695,6795344179781,6795344179781,6795344188591,16.53,16.67,1.28,0.000,0.88
1332,6795344336410,6795344339180,6795344339238,6795344339238,6795344347433,16.06,15.88,1.10,0.000,0.82
1333,6795344500532,6795344503343,6795344503406,6795344503406,6795344511487,16.41,16.41,1.10,0.000,0.81
1334,6795344663477,6795344667183,6795344667294,6795344667294,6795344677154,16.29,16.57,1.37,0.000,0.99
1335,6795344826662,6795344829484,6795344829543,6795344829543,6795344837703,16.32,16.05,1.10,0.000,0.82
1336,6795344990474,6795344994728,6795344994813,6795344994813,6795345003912,16.38,16.62,1.34,0.000,0.91
1337,6795345152682,6795345155742,6795345155819,6795345155819,6795345164018,16.22,16.01,1.13,0.000,0.82
1338,6795345315836,6795345319485,6795345319557,6795345319557,6795345328952,16.32,16.49,1.31,0.000,0.94
1339,6795345480254,6795345484188,6795345484295,6795345484295,6795345494973,16.44,16.60,1.47,0.000,1.07
1340,6795345643007,6795345646223,6795345646293,6795345646293,6795345656988,16.28,16.20,1.40,0.000,1.07
1341,6795345804863,6795345808161,6795345808233,6795345808233,6795345816693,16.19,15.97,1.18,0.000,0.85
1342,6795345968765,6795345972452,6795345972534,6795345972534,6795345985048,16.39,16.84,1.63,0.000,1.25
1343,6795346131977,6795346134798,6795346134867,6795346134867,6795346143144,16.32,15.81,1.12,0.000,0.83
1344,6795346295083,6795346297798,6795346297899,6795346297899,6795346307728,16.31,16.46,1.26,0.000,0.98
1345,6795346458281,6795346461299,6795346461496,6795346461496,6795346472241,16.32,16.45,1.40,0.000,1.07
1346,6795346621034,6795346623954,6795346624026,6795346624026,6795346632485,16.28,16.02,1.15,0.000,0.85
1347,6795346784706,6795346787805,6795346787875,6795346787875,6795346797515,16.37,16.50,1.28,0.000,0.96
1348,6795346946974,6795346949997,6795346950061,6795346950061,6795346959476,16.23,16.20,1.25,0.000,0.94
1349,6795347110660,6795347113410,6795347113476,6795347113476,6795347121649,16.37,16.22,1.10,0.000,0.82
1350,6795347274369,6795347277962,6795347278063,6795347278063,6795347287588,16.37,16.59,1.32,0.000,0.95
1351,6795347436650,6795347439387,6795347439456,6795347439456,6795347448143,16.23,16.06,1.15,0.000,0.87
1352,6795347600277,6795347603674,6795347603751,6795347603751,6795347612412,16.36,16.43,1.21,0.000,0.87
1353,6795347763812,6795347767240,6795347767356,6795347767356,6795347776706,16.35,16.43,1.29,0.000,0.94
1354,6795347928883,6795347932116,6795347932197,6795347932197,6795347940185,16.51,16.35,1.13,0.000,0.80
1355,6795348091695,6795348095025,6795348095104,6795348095104,6795348102289,16.28,16.21,1.06,0.000,0.72
1356,6795348262757,6795348270239,6795348270388,6795348270388,6795348282154,17.11,17.99,1.94,0.000,1.18
1357,6795348422302,6795348425495,6795348425565,6795348425565,6795348434541,15.95,15.24,1.22,0.000,0.90
1358,6795348579562,6795348583044,6795348583120,6795348583120,6795348594709,15.73,16.02,1.51,0.000,1.16
1359,6795348741251,6795348744021,6795348744085,6795348744085,6795348752365,16.17,15.77,1.11,0.000,0.83
1360,6795348904853,6795348907891,6795348908457,6795348908457,6795348917440,16.36,16.51,1.26,0.000,0.90
1361,6795349067689,6795349071498,6795349071620,6795349071620,6795349080953,16.28,16.35,1.33,0.000,0.93
1362,6795349231150,6795349234231,6795349234303,6795349234303,6795349243012,16.35,16.21,1.19,0.000,0.87
1363,6795349394557,6795349397742,6795349397819,6795349397819,6795349406905,16.34,16.39,1.23,0.000,0.91
1364,6795349557583,6795349560703,6795349560773,6795349560773,6795349571853,16.30,16.49,1.43,0.000,1.11
1365,6795349720189,6795349723405,6795349723474,6795349723474,6795349732060,16.26,16.02,1.19,0.000,0.86
1366,6795349884320,6795349887526,6795349887654,6795349887654,6795349897812,16.41,16.58,1.35,0.000,1.02
1367,6795350046223,6795350049326,6795350049400,6795350049400,6795350057631,16.19,15.98,1.14,0.000,0.82
1368,6795350209884,6795350212642,6795350212714,6795350212714,6795350221313,16.37,16.37,1.14,0.000,0.86
1369,6795350373127,6795350376980,6795350377080,6795350377080,6795350386236,16.32,16.49,1.31,0.000,0.92
1370,6795350536627,6795350539488,6795350539563,6795350539563,6795350547819,16.35,16.16,1.12,0.000,0.83
1371,6795350698926,6795350701684,6795350701750,6795350701750,6795350710208,16.23,16.24,1.13,0.000,0.85
1372,6795350862541,6795350865468,6795350865547,6795350865547,6795350875698,16.36,16.55,1.32,0.000,1.02
1373,6795351024985,6795351027761,6795351027834,6795351027834,6795351036405,16.24,16.07,1.14,0.000,0.86
1374,6795351189051,6795351192089,6795351192203,6795351192203,6795351201853,16.41,16.54,1.28,0.000,0.96
1375,6795351351685,6795351354422,6795351354508,6795351354508,6795351362897,16.26,16.10,1.12,0.000,0.84
1376,6795351514552,6795351517318,6795351517393,6795351517393,6795351525612,16.29,16.27,1.11,0.000,0.82
1377,6795351678883,6795351682433,6795351682485,6795351682485,6795351691042,16.43,16.54,1.22,0.000,0.86
1378,6795351840579,6795351843378,6795351843454,6795351843454,6795351852271,16.17,16.12,1.17,0.000,0.88
1379,6795352004108,6795352006846,6795352006932,6795352006932,6795352015664,16.35,16.34,1.16,0.000,0.87
1380,6795352168419,6795352172119,6795352172169,6795352172169,6795352184705,16.43,16.90,1.63,0.000,1.25
1381,6795352329871,6795352332607,6795352332670,6795352332670,6795352340975,16.15,15.63,1.11,0.000,0.83
1382,6795352493820,6795352497095,6795352497189,6795352497189,6795352506108,16.39,16.51,1.23,0.000,0.89
1383,6795352656854,6795352659652,6795352659711,6795352659711,6795352667985,16.30,16.19,1.11,0.000,0.83
1384,6795352819867,6795352822609,6795352822720,6795352822720,6795352831742,16.30,16.38,1.19,0.000,0.90
1385,6795352986301,6795352990508,6795352990616,6795352990616,6795353000383,16.64,16.86,1.41,0.000,0.98
1386,6795353147194,6795353150864,6795353150965,6795353150965,6795353161448,16.09,16.11,1.43,0.000,1.05
1387,6795353309070,6795353312147,6795353312207,6795353312207,6795353320872,16.19,15.94,1.18,0.000,0.87
1388,6795353473138,6795353476687,6795353476967,6795353476967,6795353488195,16.41,16.73,1.51,0.000,1.12
1389,6795353635429,6795353638446,6795353638513,6795353638513,6795353647791,16.23,15.96,1.24,0.000,0.93
1390,6795353798334,6795353801650,6795353801767,6795353801767,6795353811061,16.29,16.33,1.27,0.000,0.93
1391,6795353961063,6795353964550,6795353964656,6795353964656,6795353975734,16.27,16.47,1.47,0.000,1.11
1392,6795354124777,6795354128004,6795354128100,6795354128100,6795354137199,16.37,16.15,1.24,0.000,0.91
1393,6795354288890,6795354292898,6795354292976,6795354292976,6795354302174,16.41,16.50,1.33,0.000,0.92
1394,6795354451000,6795354454061,6795354454129,6795354454129,6795354463326,16.21,16.12,1.23,0.000,0.92
1395,6795354613554,6795354616368,6795354616447,6795354616447,6795354625037,16.26,16.17,1.15,0.000,0.86
1396,6795354778787,6795354782537,6795354782636,6795354782636,6795354791861,16.52,16.68,1.31,0.000,0.92
1397,6795354939679,6795354942445,6795354942525,6795354942525,6795354950703,16.09,15.88,1.10,0.000,0.82
1398,6795355102759,6795355105399,6795355105491,6795355105491,6795355113912,16.31,16.32,1.12,0.000,0.84
1399,6795355265999,6795355269681,6795355269759,6795355269759,6795355280080,16.32,16.62,1.41,0.000,1.03
1400,6795355429400,6795355432495,6795355432594,6795355432594,6795355442041,16.34,16.20,1.26,0.000,0.94
1401,6795355593317,6795355595992,6795355596083,6795355596083,6795355605057,16.39,16.30,1.17,0.000,0.90
1402,6795355755867,6795355758592,6795355758656,6795355758656,6795355767578,16.25,16.25,1.17,0.000,0.89
1403,6795355919224,6795355922587,6795355922661,6795355922661,6795355931220,16.34,16.36,1.20,0.000,0.86
1404,6795356084119,6795356087384,6795356087484,6795356087484,6795356098414,16.49,16.72,1.43,0.000,1.09
1405,6795356244689,6795356247631,6795356247694,6795356247694,6795356255580,16.06,15.72,1.09,0.000,0.79
1406,6795356408608,6795356411732,6795356411815,6795356411815,6795356420027,16.39,16.44,1.14,0.000,0.82
1407,6795356572129,6795356575606,6795356575705,6795356575705,6795356584351,16.35,16.43,1.22,0.000,0.86
1408,6795356734842,6795356738592,6795356738678,6795356738678,6795356747564,16.27,16.32,1.27,0.000,0.89
1409,6795356899523,6795356903161,6795356903278,6795356903278,6795356911844,16.47,16.43,1.23,0.000,0.86
1410,6795357062090,6795357065477,6795357065564,6795357065564,6795357078531,16.26,16.67,1.64,0.000,1.30
1411,6795357223427,6795357226442,6795357226521,6795357226521,6795357236191,16.13,15.77,1.28,0.000,0.97
1412,6795357387182,6795357390923,6795357390999,6795357390999,6795357400290,16.38,16.41,1.31,0.000,0.93
1413,6795357550993,6795357553886,6795357553963,6795357553963,6795357562833,16.38,16.25,1.18,0.000,0.89
1414,6795357713430,6795357716426,6795357716488,6795357716488,6795357725666,16.24,16.28,1.22,0.000,0.92
1415,6795357876851,6795357880381,6795357880487,6795357880487,6795357889704,16.34,16.40,1.29,0.000,0.92
1416,6795358040189,6795358043125,6795358043193,6795358043193,6795358051625,16.33,16.19,1.14,0.000,0.84
1417,6795358206381,6795358210823,6795358210905,6795358210905,6795358222892,16.62,17.13,1.65,0.000,1.20
1418,6795358367837,6795358372914,6795358373130,6795358373130,6795358386330,16.15,16.34,1.85,0.000,1.32
1419,6795358528798,6795358531601,6795358531667,6795358531667,6795358540094,16.10,15.38,1.13,0.000,0.84
1420,6795358692211,6795358695822,6795358695908,6795358695908,6795358705404,16.34,16.53,1.32,0.000,0.95
1421,6795358854454,6795358857289,6795358857357,6795358857357,6795358865537,16.22,16.01,1.11,0.000,0.82
1422,6795359018090,6795359020884,6795359020946,6795359020946,6795359029539,16.36,16.40,1.14,0.000,0.86
1423,6795359182578,6795359185607,6795359185697,6795359185697,6795359198092,16.45,16.86,1.55,0.000,1.24
1424,6795359344230,6795359346970,6795359347045,6795359347045,6795359355564,16.17,15.75,1.13,0.000,0.85
1425,6795359507548,6795359510278,6795359510346,6795359510346,6795359518526,16.33,16.30,1.10,0.000,0.82
1426,6795359671286,6795359674854,6795359674945,6795359674945,6795359684315,16.37,16.58,1.30,0.000,0.94
1427,6795359833704,6795359836756,6795359836813,6795359836813,6795359845466,16.24,16.12,1.18,0.000,0.87
1428,6795359999762,6795360003446,6795360003539,6795360003539,6795360011906,16.61,16.64,1.21,0.000,0.84
1429,6795360159909,6795360163156,6795360163228,6795360163228,6795360175074,16.01,16.32,1.52,0.000,1.18
1430,6795360323260,6795360326109,6795360326177,6795360326177,6795360334379,16.34,15.93,1.11,0.000,0.82
1431,6795360487347,6795360491150,6795360491263,6795360491263,6795360500496,16.41,16.61,1.31,0.000,0.92
1432,6795360649478,6795360652668,6795360652736,6795360652736,6795360661061,16.21,16.06,1.16,0.000,0.83
1433,6795360812517,6795360815891,6795360815938,6795360815938,6795360824490,16.30,16.34,1.20,0.000,0.86
1434,6795360979289,6795360983481,6795360983597,6795360983597,6795360995113,16.68,17.06,1.58,0.000,1.15
1435,6795361140671,6795361144250,6795361144335,6795361144335,6795361154156,16.14,15.90,1.35,0.000,0.98
1436,6795361305231,6795361309400,6795361309562,6795361309562,6795361319960,16.46,16.58,1.47,0.000,1.04
1437,6795361475860,6795361485445,6795361485553,6795361485553,6795361501980,17.06,18.20,2.61,0.000,1.64
1438,6795361628074,6795361630773,6795361630844,6795361630844,6795361640104,15.22,13.81,1.20,0.000,0.93
1439,6795361792192,6795361795005,6795361795071,6795361795071,6795361803208,16.41,16.31,1.10,0.000,0.81
1440,6795361954340,6795361957162,6795361957219,6795361957219,6795361965890,16.21,16.27,1.16,0.000,0.87
1441,6795362117384,6795362120137,6795362120240,6795362120240,6795362129379,16.30,16.35,1.20,0.000,0.91
1442,6795362281711,6795362284830,6795362284907,6795362284907,6795362293657,16.43,16.43,1.19,0.000,0.88
1443,6795362443473,6795362446192,6795362446259,6795362446259,6795362454265,16.18,16.06,1.08,0.000,0.80
1444,6795362606610,6795362609624,6795362609695,6795362609695,6795362618210,16.31,16.39,1.16,0.000,0.85
1445,6795362769990,6795362773781,6795362773867,6795362773867,6795362784141,16.34,16.59,1.42,0.000,1.03
1446,6795362932686,6795362935470,6795362935531,6795362935531,6795362943940,16.27,15.98,1.13,0.000,0.84
1447,6795363095968,6795363098984,6795363099037,6795363099037,6795363107121,16.33,16.32,1.12,0.000,0.81
1448,6795363258919,6795363261807,6795363261820,6795363261820,6795363277545,16.30,17.04,1.86,0.000,1.57
1449,6795363422150,6795363424874,6795363424953,6795363424953,6795363433331,16.32,15.58,1.12,0.000,0.84
1450,6795363586794,6795363590751,6795363590842,6795363590842,6795363602228,16.46,16.89,1.54,0.000,1.14
1451,6795363747873,6795363750605,6795363750670,6795363750670,6795363758788,16.11,15.66,1.09,0.000,0.81
1452,6795363911467,6795363914285,6795363914354,6795363914354,6795363923588,16.36,16.48,1.21,0.000,0.92
1453,6795364075644,6795364078946,6795364079015,6795364079015,6795364088523,16.42,16.49,1.29,0.000,0.95
1454,6795364237686,6795364240420,6795364240515,6795364240515,6795364249594,16.20,16.11,1.19,0.000,0.91
1455,6795364401215,6795364404171,6795364404254,6795364404254,6795364412565,16.35,16.30,1.14,0.000,0.83
1456,6795364564783,6795364568037,6795364568116,6795364568116,6795364577930,16.36,16.54,1.31,0.000,0.98
1457,6795364727149,6795364730237,6795364730315,6795364730315,6795364739134,16.24,16.12,1.20,0.000,0.88
1458,6795364890779,6795364894049,6795364894134,6795364894134,6795364903532,16.36,16.44,1.28,0.000,0.94
1459,6795365053634,6795365056834,6795365056906,6795365056906,6795365065922,16.29,16.24,1.23,0.000,0.90
1460,6795365216652,6795365219724,6795365219807,6795365219807,6795365228643,16.30,16.27,1.20,0.000,0.88
1461,6795365382683,6795365385949,6795365386057,6795365386057,6795365395677,16.60,16.70,1.30,0.000,0.96
1462,6795365543725,6795365546832,6795365546923,6795365546923,6795365556146,16.10,16.05,1.24,0.000,0.92
1463,6795365707825,6795365711485,6795365711564,6795365711564,6795365719433,16.41,16.33,1.16,0.000,0.79
1464,6795365869269,6795365873167,6795365873252,6795365873252,6795365884200,16.14,16.48,1.49,0.000,1.09
1465,6795366033537,6795366038350,6795366038436,6795366038436,6795366047046,16.43,16.28,1.35,0.000,0.86
1466,6795366196860,6795366200187,6795366200293,6795366200293,6795366209003,16.33,16.20,1.21,0.000,0.87
1467,6795366358470,6795366361372,6795366361436,6795366361436,6795366369883,16.16,16.09,1.14,0.000,0.84
1468,6795366521605,6795366524363,6795366524436,6795366524436,6795366533041,16.31,16.32,1.14,0.000,0.86
1469,6795366685705,6795366688787,6795366688937,6795366688937,6795366698659,16.41,16.56,1.30,0.000,0.97
1470,6795366685705,6795366688787,6795366698799,6795366698799,6795366770357,0.00,7.17,8.47,0.000,7.16
1471,6795366847808,6795366850517,6795366850582,6795366850582,6795366868778,16.21,9.84,2.10,0.000,1.82
1472,6795367011662,6795367014382,6795367014455,6795367014455,6795367022887,16.39,15.41,1.12,0.000,0.84
1473,6795367174402,6795367177926,6795367178018,6795367178018,6795367187464,16.27,16.46,1.31,0.000,0.94
1474,6795367337268,6795367340525,6795367340593,6795367340593,6795367349355,16.29,16.19,1.21,0.000,0.88
1475,6795367500851,6795367504155,6795367504224,6795367504224,6795367512821,16.36,16.35,1.20,0.000,0.86
1476,6795367663204,6795367665934,6795367665998,6795367665998,6795367678759,16.24,16.59,1.56,0.000,1.28
1477,6795367826978,6795367829796,6795367829866,6795367829866,6795367838524,16.38,15.98,1.15,0.000,0.87
1478,6795367990587,6795367994855,6795367994933,6795367994933,6795368005714,16.36,16.72,1.51,0.000,1.08
1479,6795368152661,6795368155406,6795368155476,6795368155476,6795368163725,16.21,15.80,1.11,0.000,0.82
1480,6795368324679,6795368330670,6795368330749,6795368330749,6795368344171,17.20,18.04,1.95,0.000,1.34
1481,6795368480713,6795368484359,6795368484449,6795368484449,6795368493637,15.60,14.95,1.29,0.000,0.92
1482,6795368642923,6795368646423,6795368646493,6795368646493,6795368655412,16.22,16.18,1.25,0.000,0.89
1483,6795368806159,6795368809653,6795368809715,6795368809715,6795368818226,16.32,16.28,1.21,0.000,0.85
1484,6795368969043,6795368972704,6795368972778,6795368972778,6795368982985,16.29,16.48,1.39,0.000,1.02
1485,6795369131096,6795369133778,6795369133856,6795369133856,6795369141881,16.21,15.89,1.08,0.000,0.80
1486,6795369295497,6795369298408,6795369298466,6795369298466,6795369307100,16.44,16.52,1.16,0.000,0.86
1487,6795369458109,6795369461153,6795369461221,6795369461221,6795369469489,16.26,16.24,1.14,0.000,0.83
1488,6795369620525,6795369623239,6795369623304,6795369623304,6795369631719,16.24,16.22,1.12,0.000,0.84
1489,6795369784526,6795369787930,6795369787995,6795369787995,6795369797421,16.40,16.57,1.29,0.000,0.94
1490,6795369946829,6795369949564,6795369949639,6795369949639,6795369958604,16.23,16.12,1.18,0.000,0.90
1491,6795370110005,6795370112810,6795370112885,6795370112885,6795370120810,16.32,16.22,1.08,0.000,0.79
1492,6795370273697,6795370277181,6795370277299,6795370277299,6795370286802,16.37,16.60,1.31,0.000,0.95
1493,6795370436461,6795370439279,6795370439345,6795370439345,6795370447989,16.28,16.12,1.15,0.000,0.86
1494,6795370600239,6795370603305,6795370603390,6795370603390,6795370611952,16.38,16.40,1.17,0.000,0.86
1495,6795370762552,6795370765265,6795370765335,6795370765335,6795370780479,16.23,16.85,1.79,0.000,1.51
1496,6795370926339,6795370929174,6795370929242,6795370929242,6795370937723,16.38,15.72,1.14,0.000,0.85
1497,6795371089458,6795371092814,6795371092919,6795371092919,6795371101971,16.31,16.42,1.25,0.000,0.91
1498,6795371258315,6795371263372,6795371263438,6795371263438,6795371275857,16.89,17.39,1.75,0.000,1.24
1499,6795371415049,6795371417764,6795371417842,6795371417842,6795371425943,15.67,15.01,1.09,0.000,0.81
1500,6795371580425,6795371583928,6795371584014,6795371584014,6795371593231,16.54,16.73,1.28,0.000,0.92
1501,6795371741660,6795371744407,6795371744474,6795371744474,6795371752551,16.12,15.93,1.09,0.000,0.81
1502,6795371904884,6795371907599,6795371907686,6795371907686,6795371916101,16.32,16.36,1.12,0.000,0.84
1503,6795372067798,6795372071124,6795372071238,6795372071238,6795372080908,16.29,16.48,1.31,0.000,0.97
1504,6795372231236,6795372234678,6795372234752,6795372234752,6795372243738,16.34,16.28,1.25,0.000,0.90
1505,6795372394394,6795372397364,6795372397445,6795372397445,6795372406499,16.32,16.28,1.21,0.000,0.91
1506,6795372557710,6795372560504,6795372560615,6795372560615,6795372570051,16.33,16.36,1.23,0.000,0.94
1507,6795372721050,6795372724397,6795372724470,6795372724470,6795372733172,16.33,16.31,1.21,0.000,0.87
1508,6795372884658,6795372888001,6795372888099,6795372888099,6795372897847,16.36,16.47,1.32,0.000,0.97
1509,6795373046914,6795373049721,6795373049792,6795373049792,6795373057951,16.23,16.01,1.10,0.000,0.82
1510,6795373209868,6795373212711,6795373212773,6795373212773,6795373223187,16.30,16.52,1.33,0.000,1.04
1511,6795373373092,6795373376707,6795373376796,6795373376796,6795373389123,16.32,16.59,1.60,0.000,1.23
1512,6795373536053,6795373539032,6795373539113,6795373539113,6795373547952,16.30,15.88,1.19,0.000,0.88
1513,6795373699463,6795373702454,6795373702518,6795373702518,6795373710724,16.34,16.28,1.13,0.000,0.82
1514,6795373862842,6795373865801,6795373865848,6795373865848,6795373879920,16.34,16.92,1.71,0.000,1.41
1515,6795374025110,6795374027973,6795374028034,6795374028034,6795374036030,16.23,15.61,1.09,0.000,0.80
1516,6795374189433,6795374192767,6795374192873,6795374192873,6795374201685,16.43,16.57,1.23,0.000,0.88
1517,6795374351894,6795374354832,6795374354888,6795374354888,6795374363136,16.25,16.15,1.12,0.000,0.82
1518,6795374514616,6795374517491,6795374517558,6795374517558,6795374526151,16.27,16.30,1.15,0.000,0.86
1519,6795374682021,6795374686245,6795374686343,6795374686343,6795374694560,16.74,16.84,1.25,0.000,0.82
1520,6795374841212,6795374843933,6795374843998,6795374843998,6795374852635,15.92,15.81,1.14,0.000,0.86
1521,6795375004707,6795375007443,6795375007506,6795375007506,6795375015498,16.35,16.29,1.08,0.000,0.80
1522,6795375166846,6795375169984,6795375170078,6795375170078,6795375180901,16.21,16.54,1.41,0.000,1.08
1523,6795375330138,6795375332927,6795375332998,6795375332998,6795375341162,16.33,16.03,1.10,0.000,0.82
1524,6795375495297,6795375499088,6795375499192,6795375499192,6795375507672,16.52,16.65,1.24,0.000,0.85
1525,6795375656507,6795375659271,6795375659337,6795375659337,6795375667661,16.12,16.00,1.12,0.000,0.83
1526,6795375819829,6795375822554,6795375822630,6795375822630,6795375831609,16.33,16.39,1.18,0.000,0.90
1527,6795375984457,6795375988028,6795375988113,6795375988113,6795375997702,16.46,16.61,1.32,0.000,0.96
1528,6795376145938,6795376149283,6795376149513,6795376149513,6795376159786,16.15,16.21,1.38,0.000,1.03
1529,6795376312078,6795376316694,6795376316753,6795376316753,6795376325881,16.61,16.61,1.38,0.000,0.91
1530,6795376475379,6795376480769,6795376480857,6795376480857,6795376490912,16.33,16.50,1.55,0.000,1.01
1531,6795376635561,6795376638537,6795376638605,6795376638605,6795376647420,16.02,15.65,1.19,0.000,0.88
1532,6795376798829,6795376802083,6795376802174,6795376802174,6795376811353,16.33,16.39,1.25,0.000,0.92
1533,6795376964594,6795376968140,6795376968223,6795376968223,6795376982349,16.58,17.10,1.78,0.000,1.41
1534,6795377124900,6795377127797,6795377127864,6795377127864,6795377136554,16.03,15.42,1.17,0.000,0.87
1535,6795377289034,6795377292258,6795377292352,6795377292352,6795377301647,16.41,16.51,1.26,0.000,0.93
1536,6795377450787,6795377453595,6795377453678,6795377453678,6795377462069,16.18,16.04,1.13,0.000,0.84
1537,6795377613872,6795377617098,6795377617163,6795377617163,6795377625242,16.31,16.32,1.14,0.000,0.81
1538,6795377778247,6795377781876,6795377781946,6795377781946,6795377794524,16.44,16.93,1.63,0.000,1.26
1539,6795377940442,6795377943388,6795377943464,6795377943464,6795377951580,16.22,15.71,1.11,0.000,0.81
1540,6795378103690,6795378106972,6795378107039,6795378107039,6795378115989,16.32,16.44,1.23,0.000,0.90
1541,6795378274206,6795378281393,6795378281559,6795378281559,6795378292331,17.05,17.63,1.81,0.000,1.08
1542,6795378430507,6795378433853,6795378433949,6795378433949,6795378442769,15.63,15.04,1.23,0.000,0.88
1543,6795378592917,6795378596280,6795378596357,6795378596357,6795378605136,16.24,16.24,1.22,0.000,0.88
1544,6795378755374,6795378758147,6795378758215,6795378758215,6795378766886,16.25,16.18,1.15,0.000,0.87
1545,6795378918300,6795378921285,6795378921358,6795378921358,6795378929586,16.29,16.27,1.13,0.000,0.82
1546,6795379082881,6795379086237,6795379086339,6795379086339,6795379095950,16.46,16.64,1.31,0.000,0.96
1547,6795379246031,6795379248763,6795379248845,6795379248845,6795379257049,16.32,16.11,1.10,0.000,0.82
1548,6795379408580,6795379411284,6795379411354,6795379411354,6795379419581,16.25,16.25,1.10,0.000,0.82
1549,6795379571249,6795379574866,6795379574988,6795379574988,6795379584398,16.27,16.48,1.31,0.000,0.94
1550,6795379734462,6795379737785,6795379737854,6795379737854,6795379746240,16.32,16.18,1.18,0.000,0.84
1551,6795379898496,6795379901706,6795379901788,6795379901788,6795379911295,16.40,16.51,1.28,0.000,0.95
1552,6795380060428,6795380063164,6795380063220,6795380063220,6795380072037,16.19,16.07,1.16,0.000,0.88
1553,6795380223934,6795380227025,6795380227093,6795380227093,6795380235814,16.35,16.38,1.19,0.000,0.87
1554,6795380387971,6795380391255,6795380391352,6795380391352,6795380403110,16.40,16.73,1.51,0.000,1.18
1555,6795380549683,6795380552411,6795380552460,6795380552460,6795380561020,16.17,15.79,1.13,0.000,0.86
1556,6795380712849,6795380715728,6795380715792,6795380715792,6795380724391,16.32,16.34,1.15,0.000,0.86
1557,6795380878007,6795380881771,6795380881867,6795380881867,6795380891860,16.52,16.75,1.39,0.000,1.00
1558,6795381041683,6795381045116,6795381045201,6795381045201,6795381054100,16.37,16.22,1.24,0.000,0.89
1559,6795381205920,6795381209845,6795381209935,6795381209935,6795381218447,16.42,16.43,1.25,0.000,0.85
1560,6795381365622,6795381368596,6795381368706,6795381368706,6795381382339,15.97,16.39,1.67,0.000,1.36
1561,6795381528983,6795381531890,6795381531953,6795381531953,6795381540306,16.34,15.80,1.13,0.000,0.84
1562,6795381694745,6795381697885,6795381697957,6795381697957,6795381707418,16.58,16.71,1.27,0.000,0.95
1563,6795381855120,6795381858003,6795381858073,6795381858073,6795381865986,16.04,15.86,1.09,0.000,0.79
1564,6795382018341,6795382021031,6795382021106,6795382021106,6795382029354,16.32,16.34,1.10,0.000,0.82
1565,6795382182303,6795382185718,6795382185805,6795382185805,6795382195072,16.40,16.57,1.28,0.000,0.93
1566,6795382343925,6795382346675,6795382346735,6795382346735,6795382354927,16.16,15.99,1.10,0.000,0.82
1567,6795382508324,6795382511030,6795382511105,6795382511105,6795382519320,16.44,16.44,1.10,0.000,0.82
1568,6795382670168,6795382673724,6795382673833,6795382673833,6795382685677,16.18,16.64,1.55,0.000,1.18
1569,6795382832917,6795382835830,6795382835899,6795382835899,6795382844753,16.27,15.91,1.18,0.000,0.89
1570,6795382997509,6795383000823,6795383000902,6795383000902,6795383009692,16.46,16.49,1.22,0.000,0.88
1571,6795383160485,6795383163540,6795383163604,6795383163604,6795383171913,16.30,16.22,1.14,0.000,0.83
1572,6795383323014,6795383325703,6795383325768,6795383325768,6795383334470,16.25,16.26,1.15,0.000,0.87
1573,6795383487155,6795383490451,6795383490522,6795383490522,6795383500059,16.41,16.56,1.29,0.000,0.95
1574,6795383649833,6795383653147,6795383653216,6795383653216,6795383661847,16.27,16.18,1.20,0.000,0.86
1575,6795383812617,6795383815743,6795383815815,6795383815815,6795383824492,16.28,16.26,1.19,0.000,0.87
1576,6795383976228,6795383980271,6795383980378,6795383980378,6795383991299,16.36,16.68,1.51,0.000,1.09
1577,6795384139061,6795384142136,6795384142204,6795384142204,6795384150952,16.28,15.97,1.19,0.000,0.87
1578,6795384302012,6795384305333,6795384305425,6795384305425,6795384314112,16.30,16.32,1.21,0.000,0.87
1579,6795384465079,6795384468094,6795384468184,6795384468184,6795384483056,16.31,16.89,1.80,0.000,1.49
1580,6795384627708,6795384630550,6795384630618,6795384630618,6795384639544,16.26,15.65,1.18,0.000,0.89
1581,6795384795568,6795384801154,6795384801264,6795384801264,6795384810943,16.79,17.14,1.54,0.000,0.97
1582,6795384954576,6795384957338,6795384957403,6795384957403,6795384966021,15.90,15.51,1.14,0.000,0.86
1583,6795385118093,6795385121130,6795385121213,6795385121213,6795385129583,16.35,16.36,1.15,0.000,0.84
1584,6795385282171,6795385285718,6795385285818,6795385285818,6795385294430,16.41,16.48,1.23,0.000,0.86
1585,6795385443577,6795385446287,6795385446364,6795385446364,6795385454662,16.14,16.02,1.11,0.000,0.83
1586,6795385608349,6795385611091,6795385611168,6795385611168,6795385620033,16.48,16.54,1.17,0.000,0.89
1587,6795385770671,6795385774000,6795385774103,6795385774103,6795385784199,16.23,16.42,1.35,0.000,1.01
1588,6795385933704,6795385936430,6795385936496,6795385936496,6795385945660,16.30,16.15,1.20,0.000,0.92
1589,6795386098340,6795386101360,6795386101456,6795386101456,6795386109536,16.46,16.39,1.12,0.000,0.81
1590,6795386259759,6795386262519,6795386262577,6795386262577,6795386271011,16.14,16.15,1.13,0.000,0.84
1591,6795386423495,6795386426238,6795386426310,6795386426310,6795386434238,16.37,16.32,1.07,0.000,0.79
1592,6795386586262,6795386589279,6795386589366,6795386589366,6795386599017,16.28,16.48,1.28,0.000,0.97
1593,6795386748983,6795386751702,6795386751780,6795386751780,6795386759794,16.27,16.08,1.08,0.000,0.80
1594,6795386912210,6795386915465,6795386915533,6795386915533,6795386924049,16.32,16.43,1.18,0.000,0.85
1595,6795387075960,6795387079412,6795387079513,6795387079513,6795387089175,16.38,16.51,1.32,0.000,0.97
1596,6795387238698,6795387241910,6795387241974,6795387241974,6795387250886,16.27,16.17,1.22,0.000,0.89
1597,6795387404884,6795387408791,6795387408860,6795387408860,6795387417667,16.62,16.68,1.28,0.000,0.88
1598,6795387565068,6795387568375,6795387568457,6795387568457,6795387580534,16.02,16.29,1.55,0.000,1.21
1599,6795387728119,6795387731707,6795387731785,6795387731785,6795387741438,16.31,16.09,1.33,0.000,0.97
1600,6795387893731,6795387897766,6795387897869,6795387897869,6795387909441,16.56,16.80,1.57,0.000,1.16
1601,6795388054850,6795388058035,6795388058139,6795388058139,6795388067716,16.11,15.83,1.29,0.000,0.96
1602,6795388226336,6795388231755,6795388231857,6795388231857,6795388242542,17.15,17.48,1.62,0.000,1.07
1603,6795388383378,6795388391510,6795388391589,6795388391589,6795388407255,15.70,16.47,2.39,0.000,1.57
1604,6795388544908,6795388548595,6795388548677,6795388548677,6795388560734,16.15,15.35,1.58,0.000,1.21
1605,6795388707277,6795388710811,6795388710882,6795388710882,6795388720097,16.24,15.94,1.28,0.000,0.92
1606,6795388870072,6795388873492,6795388873582,6795388873582,6795388883781,16.28,16.37,1.37,0.000,1.02
1607,6795389033110,6795389036073,6795389036139,6795389036139,6795389044221,16.30,16.04,1.11,0.000,0.81
1608,6795389196659,6795389199735,6795389199797,6795389199797,6795389208462,16.35,16.42,1.18,0.000,0.87
1609,6795389358799,6795389362029,6795389362117,6795389362117,6795389370825,16.21,16.24,1.20,0.000,0.87
1610,6795389522687,6795389525780,6795389525827,6795389525827,6795389534499,16.39,16.37,1.18,0.000,0.87
1611,6795389687018,6795389690434,6795389690495,6795389690495,6795389698901,16.43,16.44,1.19,0.000,0.84
1612,6795389848328,6795389851056,6795389851120,6795389851120,6795389859689,16.13,16.08,1.14,0.000,0.86
1613,6795390013231,6795390017229,6795390017288,6795390017288,6795390025306,16.49,16.56,1.21,0.000,0.80
1614,6795390174572,6795390178445,6795390178534,6795390178534,6795390191646,16.13,16.63,1.71,0.000,1.31
1615,6795390337693,6795390340444,6795390340520,6795390340520,6795390348833,16.31,15.72,1.11,0.000,0.83
1616,6795390503304,6795390506248,6795390506294,6795390506294,6795390514897,16.56,16.61,1.16,0.000,0.86
1617,6795390665051,6795390667947,6795390668013,6795390668013,6795390676472,16.17,16.16,1.14,0.000,0.85
1618,6795390827023,6795390829897,6795390829977,6795390829977,6795390839075,16.20,16.26,1.21,0.000,0.91
1619,6795390991881,6795390995663,6795390995757,6795390995757,6795391008470,16.49,16.94,1.66,0.000,1.27
1620,6795391152988,6795391155675,6795391155764,6795391155764,6795391164431,16.11,15.60,1.14,0.000,0.87
1621,6795391317067,6795391320700,6795391320794,6795391320794,6795391329457,16.41,16.50,1.24,0.000,0.87
1622,6795391480560,6795391484298,6795391484380,6795391484380,6795391494549,16.35,16.51,1.40,0.000,1.02
1623,6795391643058,6795391646193,6795391646247,6795391646247,6795391656776,16.25,16.22,1.37,0.000,1.05
1624,6795391806538,6795391809761,6795391809830,6795391809830,6795391819084,16.35,16.23,1.25,0.000,0.93
1625,6795391969271,6795391972295,6795391972371,6795391972371,6795391983696,16.27,16.46,1.44,0.000,1.13
1626,6795392131806,6795392134983,6795392135061,6795392135061,6795392143757,16.25,16.01,1.20,0.000,0.87
1627,6795392295728,6795392298959,6795392299043,6795392299043,6795392308786,16.39,16.50,1.31,0.000,0.97
1628,6795392458530,6795392461518,6795392461586,6795392461586,6795392470214,16.28,16.14,1.17,0.000,0.86
1629,6795392621540,6795392624281,6795392624346,6795392624346,6795392632299,16.30,16.21,1.08,0.000,0.80
1630,6795392785940,6795392789449,6795392789510,6795392789510,6795392798270,16.44,16.60,1.23,0.000,0.88
1631,6795392948221,6795392951337,6795392951399,6795392951399,6795392959660,16.23,16.14,1.14,0.000,0.83
1632,6795393110228,6795393112967,6795393113030,6795393113030,6795393121522,16.20,16.19,1.13,0.000,0.85
1633,6795393273992,6795393277720,6795393277816,6795393277816,6795393288347,16.38,16.68,1.44,0.000,1.05
1634,6795393437071,6795393439778,6795393439874,6795393439874,6795393448379,16.31,16.00,1.13,0.000,0.85
1635,6795393601003,6795393603918,6795393604009,6795393604009,6795393612064,16.39,16.37,1.11,0.000,0.81
1636,6795393762873,6795393765603,6795393765676,6795393765676,6795393774638,16.19,16.26,1.18,0.000,0.90
1637,6795393926884,6795393929649,6795393929716,6795393929716,6795393938035,16.40,16.34,1.12,0.000,0.83
1638,6795394092333,6795394096862,6795394096941,6795394096941,6795394105142,16.54,16.71,1.28,0.000,0.82
1639,6795394252302,6795394255010,6795394255093,6795394255093,6795394263415,16.00,15.83,1.11,0.000,0.83
1640,6795394416122,6795394419136,6795394419215,6795394419215,6795394427878,16.38,16.45,1.18,0.000,0.87
1641,6795394580318,6795394583919,6795394584043,6795394584043,6795394594552,16.42,16.67,1.42,0.000,1.05
1642,6795394741790,6795394744732,6795394744808,6795394744808,6795394753735,16.15,15.92,1.19,0.000,0.89
1643,6795394908869,6795394912474,6795394912566,6795394912566,6795394920355,16.71,16.66,1.15,0.000,0.78
1644,6795395069324,6795395072504,6795395072574,6795395072574,6795395082116,16.05,16.18,1.28,0.000,0.95
1645,6795395231879,6795395235191,6795395235264,6795395235264,6795395243765,16.26,16.16,1.19,0.000,0.85
1646,6795395395533,6795395398841,6795395398913,6795395398913,6795395408602,16.37,16.48,1.31,0.000,0.97
1647,6795395557694,6795395561022,6795395561092,6795395561092,6795395569404,16.22,16.08,1.17,0.000,0.83
1648,6795395721094,6795395724473,6795395724544,6795395724544,6795395733543,16.34,16.41,1.24,0.000,0.90
1649,6795395884686,6795395887934,6795395888031,6795395888031,6795395896864,16.36,16.33,1.22,0.000,0.88
1650,6795396047137,6795396050051,6795396050121,6795396050121,6795396058347,16.25,16.15,1.12,0.000,0.82
1651,6795396210245,6795396213051,6795396213132,6795396213132,6795396221001,16.31,16.27,1.08,0.000,0.79
1652,6795396373847,6795396377571,6795396377622,6795396377622,6795396387636,16.36,16.66,1.38,0.000,1.00
1653,6795396535854,6795396538531,6795396538628,6795396538628,6795396546648,16.20,15.90,1.08,0.000,0.80
1654,6795396700100,6795396702852,6795396702916,6795396702916,6795396712111,16.42,16.55,1.20,0.000,0.92
1655,6795396700100,6795396702852,6795396712283,6795396712283,6795396774066,0.00,6.20,7.40,0.000,6.18
1656,6795396862261,6795396865016,6795396865086,6795396865086,6795396876572,16.22,10.25,1.43,0.000,1.15
1657,6795397025473,6795397028199,6795397028268,6795397028268,6795397036651,16.32,16.01,1.12,0.000,0.84
1658,6795397191355,6795397196616,6795397196694,6795397196694,6795397205142,16.59,16.85,1.38,0.000,0.84
1659,6795397351730,6795397354470,6795397354547,6795397354547,6795397362899,16.04,15.78,1.12,0.000,0.84
1660,6795397514560,6795397517336,6795397517401,6795397517401,6795397526151,16.28,16.33,1.16,0.000,0.88
1661,6795397679025,6795397682689,6795397682803,6795397682803,6795397693528,16.45,16.74,1.45,0.000,1.07
1662,6795397841112,6795397843916,6795397843986,6795397843986,6795397852681,16.21,15.92,1.16,0.000,0.87
1663,6795398004641,6795398007932,6795398008121,6795398008121,6795398016984,16.35,16.43,1.23,0.000,0.89
1664,6795398169216,6795398173823,6795398173917,6795398173917,6795398188082,16.46,17.11,1.89,0.000,1.42
1665,6795398334147,6795398338464,6795398338563,6795398338563,6795398350035,16.49,16.20,1.59,0.000,1.15
1666,6795398496050,6795398500179,6795398500283,6795398500283,6795398509550,16.19,15.95,1.35,0.000,0.93
1667,6795398657442,6795398660342,6795398660407,6795398660407,6795398669314,16.14,15.98,1.19,0.000,0.89
1668,6795398821125,6795398824592,6795398824663,6795398824663,6795398834587,16.37,16.53,1.35,0.000,0.99
1669,6795398986184,6795398990644,6795398990742,6795398990742,6795399001937,16.51,16.73,1.58,0.000,1.12
1670,6795399147303,6795399150988,6795399151080,6795399151080,6795399162408,16.11,16.05,1.51,0.000,1.13
1671,6795399309690,6795399312730,6795399312807,6795399312807,6795399322468,16.24,16.01,1.28,0.000,0.97
1672,6795399472872,6795399476273,6795399476360,6795399476360,6795399487134,16.32,16.47,1.43,0.000,1.08
1673,6795399635677,6795399639262,6795399639337,6795399639337,6795399649179,16.28,16.20,1.35,0.000,0.98
1674,6795399800101,6795399803500,6795399803582,6795399803582,6795399813446,16.44,16.43,1.33,0.000,0.99
1675,6795399962566,6795399965482,6795399965554,6795399965554,6795399974056,16.25,16.06,1.15,0.000,0.85
1676,6795400124913,6795400127772,6795400127841,6795400127841,6795400136337,16.23,16.23,1.14,0.000,0.85
1677,6795400289308,6795400292864,6795400293163,6795400293163,6795400302607,16.44,16.63,1.33,0.000,0.94
1678,6795400451698,6795400454465,6795400454536,6795400454536,6795400462922,16.24,16.03,1.12,0.000,0.84
1679,6795400614286,6795400617058,6795400617128,6795400617128,6795400625451,16.26,16.25,1.12,0.000,0.83
1680,6795400777292,6795400781047,6795400781144,6795400781144,6795400792220,16.30,16.68,1.49,0.000,1.11
1681,6795400940334,6795400943031,6795400943101,6795400943101,6795400951309,16.30,15.91,1.10,0.000,0.82
1682,6795401104095,6795401106799,6795401106871,6795401106871,6795401115389,16.38,16.41,1.13,0.000,0.85
1683,6795401266434,6795401269511,6795401269550,6795401269550,6795401278807,16.23,16.34,1.24,0.000,0.93
1684,6795401429945,6795401432758,6795401432804,6795401432804,6795401441097,16.35,16.23,1.12,0.000,0.83
1685,6795401594519,6795401598115,6795401598237,6795401598237,6795401607648,16.46,16.66,1.31,0.000,0.94
1686,6795401756729,6795401759679,6795401759784,6795401759784,6795401769508,16.22,16.19,1.28,0.000,0.97
1687,6795401919352,6795401922808,6795401922926,6795401922926,6795401931302,16.26,16.18,1.20,0.000,0.84
1688,6795402084899,6795402088325,6795402088410,6795402088410,6795402096144,16.55,16.48,1.12,0.000,0.77
1689,6795402245430,6795402248235,6795402248292,6795402248292,6795402256762,16.05,16.06,1.13,0.000,0.85
1690,6795402410248,6795402413453,6795402413538,6795402413538,6795402423447,16.48,16.67,1.32,0.000,0.99
1691,6795402571996,6795402574939,6795402575022,6795402575022,6795402584764,16.17,16.13,1.28,0.000,0.97
1692,6795402735401,6795402738257,6795402738321,6795402738321,6795402746767,16.34,16.20,1.14,0.000,0.84
1693,6795402900393,6795402904925,6795402905003,6795402905003,6795402912571,16.50,16.58,1.22,0.000,0.76
1694,6795403061817,6795403064910,6795403064971,6795403064971,6795403074048,16.14,16.15,1.22,0.000,0.91
1695,6795403225146,6795403228125,6795403228191,6795403228191,6795403240141,16.33,16.61,1.50,0.000,1.20
1696,6795403388402,6795403392188,6795403392288,6795403392288,6795403401337,16.33,16.12,1.29,0.000,0.90
1697,6795403550729,6795403553883,6795403553993,6795403553993,6795403563009,16.23,16.17,1.23,0.000,0.90
1698,6795403717531,6795403721776,6795403721848,6795403721848,6795403734135,16.68,17.11,1.66,0.000,1.23
1699,6795403879313,6795403883592,6795403883710,6795403883710,6795403895112,16.18,16.10,1.58,0.000,1.14
1700,6795404042031,6795404046097,6795404046189,6795404046189,6795404058500,16.27,16.34,1.65,0.000,1.23
1701,6795404203443,6795404206194,6795404206275,6795404206275,6795404214838,16.14,15.63,1.14,0.000,0.86
1702,6795404367019,6795404370448,6795404370570,6795404370570,6795404380109,16.36,16.53,1.31,0.000,0.95
1703,6795404530528,6795404533783,6795404533865,6795404533865,6795404544056,16.35,16.39,1.35,0.000,1.02
1704,6795404693545,6795404696401,6795404696486,6795404696486,6795404705555,16.30,16.15,1.20,0.000,0.91
1705,6795404856040,6795404859320,6795404859431,6795404859431,6795404868961,16.25,16.34,1.29,0.000,0.95
1706,6795405018801,6795405022043,6795405022142,6795405022142,6795405032670,16.28,16.37,1.39,0.000,1.05
1707,6795405183155,6795405186970,6795405187054,6795405187054,6795405196340,16.44,16.37,1.32,0.000,0.93
1708,6795405345203,6795405348067,6795405348146,6795405348146,6795405356557,16.20,16.02,1.14,0.000,0.84
1709,6795405507616,6795405510657,6795405510720,6795405510720,6795405519750,16.24,16.32,1.21,0.000,0.90
1710,6795405671232,6795405674098,6795405674191,6795405674191,6795405685138,16.36,16.54,1.39,0.000,1.09
1711,6795405833875,6795405836603,6795405836663,6795405836663,6795405845388,16.26,16.02,1.15,0.000,0.87
1712,6795405998565,6795406002447,6795406002519,6795406002519,6795406011456,16.47,16.61,1.29,0.000,0.89
1713,6795406161011,6795406163863,6795406163936,6795406163936,6795406172952,16.24,16.15,1.19,0.000,0.90
1714,6795406324032,6795406326841,6795406326909,6795406326909,6795406335565,16.30,16.26,1.15,0.000,0.87
1715,6795406487245,6795406490574,6795406490691,6795406490691,6795406499711,16.32,16.41,1.25,0.000,0.90
1716,6795406652021,6795406655289,6795406655367,6795406655367,6795406665776,16.48,16.61,1.38,0.000,1.04
1717,6795406813487,6795406816560,6795406816662,6795406816662,6795406825226,16.15,15.95,1.17,0.000,0.86
1718,6795406976720,6795406980424,6795406980496,6795406980496,6795406990163,16.32,16.49,1.34,0.000,0.97
1719,6795407139188,6795407142401,6795407142478,6795407142478,6795407151850,16.25,16.17,1.27,0.000,0.94
1720,6795407302729,6795407306204,6795407306305,6795407306305,6795407316468,16.35,16.46,1.37,0.000,1.02
1721,6795407465140,6795407467970,6795407468042,6795407468042,6795407476723,16.24,16.03,1.16,0.000,0.87
1722,6795407629258,6795407632059,6795407632124,6795407632124,6795407641208,16.41,16.45,1.20,0.000,0.91
1723,6795407792162,6795407795559,6795407795645,6795407795645,6795407804513,16.29,16.33,1.24,0.000,0.89
1724,6795407954619,6795407957411,6795407957478,6795407957478,6795407966644,16.25,16.21,1.20,0.000,0.92
1725,6795408118135,6795408121009,6795408121152,6795408121152,6795408130133,16.35,16.35,1.20,0.000,0.90
1726,6795408284448,6795408289294,6795408289373,6795408289373,6795408302738,16.63,17.26,1.83,0.000,1.34
1727,6795408444492,6795408447444,6795408447511,6795408447511,6795408456623,16.00,15.39,1.21,0.000,0.91
1728,6795408608410,6795408611587,6795408611686,6795408611686,6795408622687,16.39,16.61,1.43,0.000,1.10
1729,6795408770388,6795408773587,6795408773729,6795408773729,6795408785614,16.20,16.29,1.52,0.000,1.19
1730,6795408933909,6795408936611,6795408936684,6795408936684,6795408945653,16.35,16.00,1.17,0.000,0.90
1731,6795409097259,6795409100221,6795409100338,6795409100338,6795409109026,16.34,16.34,1.18,0.000,0.87
1732,6795409260463,6795409263256,6795409263319,6795409263319,6795409272376,16.32,16.34,1.19,0.000,0.91
1733,6795409422623,6795409425757,6795409425837,6795409425837,6795409434996,16.22,16.26,1.24,0.000,0.92
1734,6795409589033,6795409593291,6795409593368,6795409593368,6795409602278,16.64,16.73,1.32,0.000,0.89
1735,6795409751078,6795409754407,6795409754518,6795409754518,6795409763687,16.20,16.14,1.26,0.000,0.92
1736,6795409913060,6795409916686,6795409916800,6795409916800,6795409926633,16.20,16.29,1.36,0.000,0.98
1737,6795410076137,6795410080237,6795410080337,6795410080337,6795410091124,16.31,16.45,1.50,0.000,1.08
1738,6795410240152,6795410243682,6795410243788,6795410243788,6795410252802,16.40,16.17,1.26,0.000,0.90
1739,6795410403704,6795410407238,6795410407310,6795410407310,6795410416479,16.36,16.37,1.28,0.000,0.92
1740,6795410565613,6795410569616,6795410569719,6795410569719,6795410579498,16.19,16.30,1.39,0.000,0.98
1741,6795410727673,6795410731105,6795410731178,6795410731178,6795410743157,16.21,16.37,1.55,0.000,1.20
1742,6795410893779,6795410897787,6795410897873,6795410897873,6795410909016,16.61,16.59,1.52,0.000,1.11
1743,6795411055665,6795411058974,6795411059043,6795411059043,6795411067976,16.19,15.90,1.23,0.000,0.89
1744,6795411217869,6795411220845,6795411220948,6795411220948,6795411229460,16.22,16.15,1.16,0.000,0.85
1745,6795411380995,6795411384428,6795411384507,6795411384507,6795411393818,16.31,16.44,1.28,0.000,0.93
1746,6795411545191,6795411548787,6795411548841,6795411548841,6795411557345,16.42,16.35,1.22,0.000,0.85
1747,6795411706856,6795411710521,6795411710593,6795411710593,6795411718793,16.17,16.14,1.19,0.000,0.82
1748,6795411870699,6795411873649,6795411873720,6795411873720,6795411883184,16.38,16.44,1.25,0.000,0.95
1749,6795412032805,6795412035907,6795412036007,6795412036007,6795412045036,16.21,16.19,1.22,0.000,0.90
1750,6795412196554,6795412199527,6795412199599,6795412199599,6795412209636,16.37,16.46,1.31,0.000,1.00
1751,6795412358968,6795412361949,6795412362015,6795412362015,6795412370774,16.24,16.11,1.18,0.000,0.88
1752,6795412522712,6795412525460,6795412525516,6795412525516,6795412534049,16.37,16.33,1.13,0.000,0.85
1753,6795412686690,6795412689740,6795412689842,6795412689842,6795412698900,16.40,16.49,1.22,0.000,0.91
1754,6795412848194,6795412850893,6795412850988,6795412850988,6795412859565,16.15,16.07,1.14,0.000,0.86
1755,6795413012251,6795413015124,6795413015209,6795413015209,6795413023557,16.41,16.40,1.13,0.000,0.83
1756,6795413174945,6795413178119,6795413178215,6795413178215,6795413187431,16.27,16.39,1.25,0.000,0.92
1757,6795413337927,6795413340800,6795413340883,6795413340883,6795413349273,16.30,16.18,1.13,0.000,0.84
1758,6795413502231,6795413505882,6795413505981,6795413505981,6795413515672,16.43,16.64,1.34,0.000,0.97
1759,6795413663769,6795413666878,6795413666941,6795413666941,6795413675169,16.15,15.95,1.14,0.000,0.82
1760,6795413827312,6795413830183,6795413830271,6795413830271,6795413838860,16.35,16.37,1.15,0.000,0.86
1761,6795413992881,6795413997143,6795413997243,6795413997243,6795414006917,16.56,16.81,1.40,0.000,0.97
1762,6795414154502,6795414157433,6795414157501,6795414157501,6795414165807,16.16,15.89,1.13,0.000,0.83
1763,6795414316610,6795414319841,6795414319908,6795414319908,6795414328337,16.21,16.25,1.17,0.000,0.84
1764,6795414479974,6795414483614,6795414483705,6795414483705,6795414493822,16.34,16.55,1.38,0.000,1.01
1765,6795414643443,6795414646591,6795414646707,6795414646707,6795414656212,16.35,16.24,1.28,0.000,0.95
1766,6795414806676,6795414809867,6795414809958,6795414809958,6795414820044,16.32,16.38,1.34,0.000,1.01
1767,6795414969958,6795414973202,6795414973301,6795414973301,6795414982608,16.33,16.26,1.26,0.000,0.93
1768,6795415133249,6795415136205,6795415136276,6795415136276,6795415145440,16.33,16.28,1.22,0.000,0.92
1769,6795415295867,6795415298533,6795415298626,6795415298626,6795415306731,16.26,16.13,1.09,0.000,0.81
1770,6795415458644,6795415461393,6795415461473,6795415461473,6795415470341,16.28,16.36,1.17,0.000,0.89
1771,6795415622659,6795415625505,6795415625572,6795415625572,6795415633994,16.40,16.37,1.13,0.000,0.84
1772,6795415786780,6795415789683,6795415789759,6795415789759,6795415798222,16.41,16.42,1.14,0.000,0.85
1773,6795415948007,6795415950890,6795415950953,6795415950953,6795415959432,16.12,16.12,1.14,0.000,0.85
1774,6795416111325,6795416114363,6795416114405,6795416114405,6795416122845,16.33,16.34,1.15,0.000,0.84
1775,6795416275077,6795416278537,6795416278585,6795416278585,6795416291816,16.38,16.90,1.67,0.000,1.32
1776,6795416437591,6795416440349,6795416440419,6795416440419,6795416449201,16.25,15.74,1.16,0.000,0.88
1777,6795416601026,6795416603864,6795416603949,6795416603949,6795416612051,16.34,16.29,1.10,0.000,0.81
1778,6795416764052,6795416766847,6795416766913,6795416766913,6795416775280,16.30,16.32,1.12,0.000,0.84
1779,6795416927111,6795416930169,6795416930229,6795416930229,6795416939273,16.31,16.40,1.22,0.000,0.90
1780,6795417090234,6795417093597,6795417093695,6795417093695,6795417102393,16.31,16.31,1.22,0.000,0.87
1781,6795417253417,6795417256638,6795417256710,6795417256710,6795417265825,16.32,16.34,1.24,0.000,0.91
1782,6795417416447,6795417419248,6795417419326,6795417419326,6795417427803,16.30,16.20,1.14,0.000,0.85
1783,6795417579282,6795417582785,6795417582903,6795417582903,6795417592457,16.28,16.47,1.32,0.000,0.96
1784,6795417742049,6795417744749,6795417744807,6795417744807,6795417753470,16.28,16.10,1.14,0.000,0.87
1785,6795417906363,6795417909464,6795417909539,6795417909539,6795417918566,16.43,16.51,1.22,0.000,0.90
1786,6795418071065,6795418074196,6795418074277,6795418074277,6795418083190,16.47,16.46,1.21,0.000,0.89
1787,6795418240560,6795418246564,6795418246722,6795418246722,6795418258731,16.95,17.55,1.82,0.000,1.20
1788,6795418396488,6795418400246,6795418400342,6795418400342,6795418411010,15.59,15.23,1.45,0.000,1.07
1789,6795418557955,6795418561244,6795418561326,6795418561326,6795418570246,16.15,15.92,1.23,0.000,0.89
1790,6795418720839,6795418724145,6795418724216,6795418724216,6795418733394,16.29,16.31,1.26,0.000,0.92
1791,6795418884941,6795418888192,6795418888271,6795418888271,6795418898505,16.41,16.51,1.36,0.000,1.02
1792,6795419047170,6795419050316,6795419050386,6795419050386,6795419058672,16.22,16.02,1.15,0.000,0.83
1793,6795419211319,6795419214853,6795419215212,6795419215212,6795419225985,16.41,16.73,1.47,0.000,1.08
1794,6795419374055,6795419377690,6795419377789,6795419377789,6795419387223,16.27,16.12,1.32,0.000,0.94
1795,6795419537150,6795419540230,6795419540297,6795419540297,6795419548279,16.31,16.11,1.11,0.000,0.80
1796,6795419699426,6795419702881,6795419702959,6795419702959,6795419712500,16.23,16.42,1.31,0.000,0.95
1797,6795419863608,6795419868253,6795419868356,6795419868356,6795419876975,16.42,16.45,1.34,0.000,0.86
1798,6795420027450,6795420031359,6795420031442,6795420031442,6795420039566,16.38,16.26,1.21,0.000,0.81
1799,6795420189843,6795420192948,6795420193027,6795420193027,6795420202279,16.24,16.27,1.24,0.000,0.93
1800,6795420351696,6795420354422,6795420354477,6795420354477,6795420363830,16.19,16.16,1.21,0.000,0.94
1801,6795420515440,6795420518395,6795420518469,6795420518469,6795420527313,16.37,16.35,1.19,0.000,0.88
1802,6795420679427,6795420683468,6795420683533,6795420683533,6795420692722,16.40,16.54,1.33,0.000,0.92
1803,6795420841405,6795420844255,6795420844337,6795420844337,6795420853265,16.20,16.05,1.19,0.000,0.89
1804,6795421005414,6795421008976,6795421009051,6795421009051,6795421017792,16.40,16.45,1.24,0.000,0.87
1805,6795421168476,6795421171940,6795421171992,6795421171992,6795421181771,16.31,16.40,1.33,0.000,0.98
1806,6795421331582,6795421334715,6795421334784,6795421334784,6795421344514,16.31,16.27,1.29,0.000,0.97
1807,6795421495657,6795421498768,6795421498840,6795421498840,6795421507307,16.41,16.28,1.17,0.000,0.85
1808,6795421657384,6795421660286,6795421660363,6795421660363,6795421668794,16.17,16.15,1.14,0.000,0.84
1809,6795421819951,6795421823395,6795421823470,6795421823470,6795421832088,16.26,16.33,1.21,0.000,0.86
1810,6795421983016,6795421986562,6795421986681,6795421986681,6795421996568,16.31,16.45,1.36,0.000,0.99
1811,6795422146903,6795422150177,6795422150297,6795422150297,6795422159440,16.39,16.29,1.25,0.000,0.91
1812,6795422310378,6795422313634,6795422313739,6795422313739,6795422323576,16.35,16.41,1.32,0.000,0.98
1813,6795422472249,6795422475317,6795422475393,6795422475393,6795422484722,16.19,16.11,1.25,0.000,0.93
1814,6795422635276,6795422638434,6795422638514,6795422638514,6795422648373,16.30,16.37,1.31,0.000,0.99
1815,6795422799918,6795422803188,6795422803267,6795422803267,6795422811942,16.46,16.36,1.20,0.000,0.87
1816,6795422961541,6795422964327,6795422964415,6795422964415,6795422973421,16.16,16.15,1.19,0.000,0.90
1817,6795423125085,6795423128165,6795423128245,6795423128245,6795423136481,16.35,16.31,1.14,0.000,0.82
1818,6795423288503,6795423291480,6795423291574,6795423291574,6795423300030,16.34,16.35,1.15,0.000,0.85
1819,6795423451560,6795423454490,6795423454557,6795423454557,6795423463181,16.31,16.32,1.16,0.000,0.86
1820,6795423614433,6795423617179,6795423617246,6795423617246,6795423625438,16.29,16.23,1.10,0.000,0.82
1821,6795423777982,6795423781361,6795423781444,6795423781444,6795423790428,16.35,16.50,1.24,0.000,0.90
1822,6795423941046,6795423943804,6795423943888,6795423943888,6795423952046,16.31,16.16,1.10,0.000,0.82
1823,6795424104261,6795424107059,6795424107135,6795424107135,6795424115709,16.32,16.37,1.14,0.000,0.86
1824,6795424266608,6795424269984,6795424270064,6795424270064,6795424279047,16.23,16.33,1.24,0.000,0.90
1825,6795424430749,6795424433607,6795424433670,6795424433670,6795424441437,16.41,16.24,1.07,0.000,0.78
1826,6795424597312,6795424602214,6795424602281,6795424602281,6795424610395,16.66,16.90,1.31,0.000,0.81
1827,6795424757268,6795424760243,6795424760314,6795424760314,6795424770167,16.00,15.98,1.29,0.000,0.99
1828,6795424919696,6795424923335,6795424923425,6795424923425,6795424932111,16.24,16.19,1.24,0.000,0.87
1829,6795425083208,6795425086774,6795425086861,6795425086861,6795425097457,16.35,16.53,1.42,0.000,1.06
1830,6795425246641,6795425249440,6795425249519,6795425249519,6795425258201,16.34,16.07,1.16,0.000,0.87
1831,6795425411025,6795425414736,6795425414832,6795425414832,6795425423370,16.44,16.52,1.23,0.000,0.85
1832,6795425573089,6795425576903,6795425577026,6795425577026,6795425588334,16.21,16.50,1.52,0.000,1.13
1833,6795425736351,6795425739703,6795425739797,6795425739797,6795425748450,16.33,16.01,1.21,0.000,0.87
1834,6795425900318,6795425903554,6795425903628,6795425903628,6795425912538,16.40,16.41,1.22,0.000,0.89
1835,6795426065504,6795426069587,6795426069701,6795426069701,6795426079879,16.52,16.73,1.44,0.000,1.02
1836,6795426225680,6795426229706,6795426229780,6795426229780,6795426241541,16.02,16.17,1.59,0.000,1.18
1837,6795426391295,6795426395992,6795426396094,6795426396094,6795426406518,16.56,16.50,1.52,0.000,1.04
1838,6795426552129,6795426555365,6795426555445,6795426555445,6795426565859,16.08,15.93,1.37,0.000,1.04
1839,6795426720440,6795426727138,6795426727239,6795426727239,6795426737690,16.83,17.18,1.73,0.000,1.05
1840,6795426879932,6795426884589,6795426884664,6795426884664,6795426894307,15.95,15.66,1.44,0.000,0.96
1841,6795427040279,6795427043374,6795427043466,6795427043466,6795427051906,16.03,15.76,1.16,0.000,0.84
1842,6795427206510,6795427210568,6795427210671,6795427210671,6795427220933,16.62,16.90,1.44,0.000,1.03
1843,6795427368115,6795427371774,6795427371844,6795427371844,6795427380841,16.16,15.99,1.27,0.000,0.90
1844,6795427529616,6795427532860,6795427532942,6795427532942,6795427541803,16.15,16.10,1.22,0.000,0.89
1845,6795427693684,6795427697055,6795427697120,6795427697120,6795427705163,16.41,16.34,1.15,0.000,0.80
1846,6795427855878,6795427858622,6795427858693,6795427858693,6795427867432,16.22,16.23,1.16,0.000,0.87
1847,6795428019139,6795428021935,6795428022003,6795428022003,6795428030623,16.33,16.32,1.15,0.000,0.86
1848,6795428185583,6795428190799,6795428190847,6795428190847,6795428204704,16.64,17.41,1.91,0.000,1.39
1849,6795428348018,6795428352458,6795428352636,6795428352636,6795428365286,16.24,16.06,1.73,0.000,1.26
1850,6795428508931,6795428511938,6795428512024,6795428512024,6795428521094,16.09,15.58,1.22,0.000,0.91
1851,6795428671310,6795428674198,6795428674255,6795428674255,6795428682852,16.24,16.18,1.15,0.000,0.86
1852,6795428834394,6795428837646,6795428837723,6795428837723,6795428846380,16.31,16.35,1.20,0.000,0.87
1853,6795428997822,6795429001284,6795429001360,6795429001360,6795429010628,16.34,16.42,1.28,0.000,0.93
1854,6795429160898,6795429163941,6795429164015,6795429164015,6795429173582,16.31,16.30,1.27,0.000,0.96
1855,6795429323810,6795429326658,6795429326737,6795429326737,6795429334778,16.29,16.12,1.10,0.000,0.80
1856,6795429488846,6795429493038,6795429493127,6795429493127,6795429502422,16.50,16.76,1.36,0.000,0.93
1857,6795429651186,6795429654094,6795429654157,6795429654157,6795429662572,16.23,16.02,1.14,0.000,0.84
1858,6795429813579,6795429816802,6795429816877,6795429816877,6795429825375,16.24,16.28,1.18,0.000,0.85
1859,6795429977053,6795429980704,6795429980800,6795429980800,6795429990856,16.35,16.55,1.38,0.000,1.01
1860,6795430139079,6795430142148,6795430142215,6795430142215,6795430151437,16.20,16.06,1.24,0.000,0.92
1861,6795430302997,6795430306029,6795430306138,6795430306138,6795430315989,16.39,16.46,1.30,0.000,0.99
1862,6795430466494,6795430469698,6795430469811,6795430469811,6795430480035,16.35,16.40,1.35,0.000,1.02
1863,6795430630620,6795430634405,6795430634496,6795430634496,6795430643719,16.41,16.37,1.31,0.000,0.92
1864,6795430793119,6795430796800,6795430796880,6795430796880,6795430805911,16.25,16.22,1.28,0.000,0.90
1865,6795430956281,6795430959480,6795430959541,6795430959541,6795430968059,16.32,16.21,1.18,0.000,0.85
1866,6795431118284,6795431121668,6795431121766,6795431121766,6795431132073,16.20,16.40,1.38,0.000,1.03
1867,6795431281495,6795431285024,6795431285099,6795431285099,6795431293974,16.32,16.19,1.25,0.000,0.89
1868,6795431444981,6795431448206,6795431448278,6795431448278,6795431456942,16.35,16.30,1.20,0.000,0.87
1869,6795431609630,6795431613305,6795431613413,6795431613413,6795431622115,16.46,16.52,1.25,0.000,0.87
1870,6795431770350,6795431773522,6795431773591,6795431773591,6795431783565,16.07,16.14,1.32,0.000,1.00
1871,6795431935226,6795431939629,6795431939721,6795431939721,6795431948225,16.49,16.47,1.30,0.000,0.85
1872,6795432098124,6795432101536,6795432101640,6795432101640,6795432110486,16.29,16.23,1.24,0.000,0.88
1873,6795432260304,6795432263353,6795432263452,6795432263452,6795432272100,16.22,16.16,1.18,0.000,0.86
1874,6795432422999,6795432426035,6795432426139,6795432426139,6795432434909,16.27,16.28,1.19,0.000,0.88
1875,6795432587243,6795432590619,6795432590715,6795432590715,6795432600838,16.42,16.59,1.36,0.000,1.01
1876,6795432749211,6795432751946,6795432752010,6795432752010,6795432761213,16.20,16.04,1.20,0.000,0.92
1877,6795432912253,6795432915123,6795432915183,6795432915183,6795432923839,16.30,16.26,1.16,0.000,0.87
1878,6795433075672,6795433078414,6795433078485,6795433078485,6795433087750,16.34,16.39,1.21,0.000,0.93
1879,6795433238674,6795433241640,6795433241690,6795433241690,6795433249685,16.30,16.19,1.10,0.000,0.80
1880,6795433402822,6795433405626,6795433405695,6795433405695,6795433414426,16.41,16.47,1.16,0.000,0.87
1881,6795433565877,6795433568897,6795433568960,6795433568960,6795433577043,16.31,16.26,1.12,0.000,0.81
1882,6795433728450,6795433731601,6795433731674,6795433731674,6795433740191,16.26,16.31,1.17,0.000,0.85
1883,6795433892534,6795433895860,6795433895938,6795433895938,6795433904766,16.41,16.46,1.22,0.000,0.88
1884,6795434053871,6795434057143,6795434057205,6795434057205,6795434065543,16.13,16.08,1.17,0.000,0.83
1885,6795434217664,6795434220456,6795434220532,6795434220532,6795434228922,16.38,16.34,1.13,0.000,0.84
1886,6795434380109,6795434383561,6795434383651,6795434383651,6795434392935,16.24,16.40,1.28,0.000,0.93
1887,6795434543462,6795434546226,6795434546300,6795434546300,6795434554459,16.34,16.15,1.10,0.000,0.82
1888,6795434708532,6795434711430,6795434711505,6795434711505,6795434719651,16.51,16.52,1.11,0.000,0.81
1889,6795434870437,6795434873181,6795434873258,6795434873258,6795434881946,16.19,16.23,1.15,0.000,0.87
1890,6795435033740,6795435036596,6795435037055,6795435037055,6795435046338,16.33,16.44,1.26,0.000,0.93
1891,6795435196616,6795435199357,6795435199456,6795435199456,6795435208478,16.29,16.21,1.19,0.000,0.90
1892,6795435359552,6795435362718,6795435362823,6795435362823,6795435371732,16.29,16.33,1.22,0.000,0.89
1893,6795435521986,6795435524727,6795435524799,6795435524799,6795435533627,16.24,16.19,1.16,0.000,0.88
1894,6795435686106,6795435690107,6795435690218,6795435690218,6795435702272,16.41,16.86,1.62,0.000,1.21
1895,6795435848628,6795435851367,6795435851434,6795435851434,6795435859472,16.25,15.72,1.08,0.000,0.80
1896,6795436012467,6795436015701,6795436015786,6795436015786,6795436024470,16.38,16.50,1.20,0.000,0.87
1897,6795436175261,6795436178514,6795436178588,6795436178588,6795436187405,16.28,16.29,1.21,0.000,0.88
1898,6795436338218,6795436341104,6795436341176,6795436341176,6795436349777,16.30,16.24,1.16,0.000,0.86
1899,6795436503254,6795436507423,6795436507541,6795436507541,6795436517944,16.50,16.82,1.47,0.000,1.04
1900,6795436663715,6795436666684,6795436666756,6795436666756,6795436675523,16.05,15.76,1.18,0.000,0.88
1901,6795436827620,6795436830664,6795436830734,6795436830734,6795436839541,16.39,16.40,1.19,0.000,0.88
1902,6795436991463,6795436995661,6795436995764,6795436995764,6795437004603,16.38,16.51,1.31,0.000,0.88
1903,6795437154021,6795437156768,6795437156829,6795437156829,6795437165033,16.26,16.04,1.10,0.000,0.82
1904,6795437316840,6795437320092,6795437320173,6795437320173,6795437329116,16.28,16.41,1.23,0.000,0.89
1905,6795437480772,6795437484823,6795437484885,6795437484885,6795437495906,16.39,16.68,1.51,0.000,1.10
1906,6795437643352,6795437646511,6795437646596,6795437646596,6795437655567,16.26,15.97,1.22,0.000,0.90
1907,6795437806391,6795437809399,6795437809487,6795437809487,6795437818448,16.30,16.29,1.21,0.000,0.90
1908,6795437969554,6795437972525,6795437972605,6795437972605,6795437981283,16.32,16.28,1.17,0.000,0.87
1909,6795438132075,6795438134807,6795438134887,6795438134887,6795438143246,16.25,16.20,1.12,0.000,0.84
1910,6795438299028,6795438303669,6795438303803,6795438303803,6795438315521,16.70,17.23,1.65,0.000,1.17
1911,6795438467194,6795438472415,6795438472520,6795438472520,6795438483203,16.82,16.77,1.60,0.000,1.07
1912,6795438621340,6795438624349,6795438624421,6795438624421,6795438632895,15.41,14.97,1.16,0.000,0.85
1913,6795438788335,6795438793291,6795438793392,6795438793392,6795438802464,16.70,16.96,1.41,0.000,0.91
1914,6795438947943,6795438950926,6795438950985,6795438950985,6795438959726,15.96,15.73,1.18,0.000,0.87
1915,6795439112345,6795439115225,6795439115300,6795439115300,6795439123421,16.44,16.37,1.11,0.000,0.81
1916,6795439274399,6795439277262,6795439277335,6795439277335,6795439287245,16.21,16.38,1.28,0.000,0.99
1917,6795439438473,6795439441973,6795439442050,6795439442050,6795439451559,16.41,16.43,1.31,0.000,0.95
1918,6795439603018,6795439606805,6795439606905,6795439606905,6795439616030,16.45,16.45,1.30,0.000,0.91
1919,6795439764610,6795439767899,6795439767959,6795439767959,6795439777286,16.16,16.13,1.27,0.000,0.93
1920,6795439926777,6795439929481,6795439929585,6795439929585,6795439937938,16.22,16.07,1.12,0.000,0.84
1921,6795440091780,6795440095337,6795440095431,6795440095431,6795440103722,16.50,16.58,1.19,0.000,0.83
1922,6795440252602,6795440255352,6795440255410,6795440255410,6795440263841,16.08,16.01,1.12,0.000,0.84
1923,6795440415707,6795440418694,6795440418755,6795440418755,6795440427168,16.31,16.33,1.15,0.000,0.84
1924,6795440579541,6795440582663,6795440582750,6795440582750,6795440592584,16.38,16.54,1.30,0.000,0.98
1925,6795440742845,6795440745662,6795440745723,6795440745723,6795440754065,16.33,16.15,1.12,0.000,0.83
1926,6795440907012,6795440910823,6795440910978,6795440910978,6795440922749,16.42,16.87,1.57,0.000,1.18
1927,6795441068558,6795441071330,6795441071395,6795441071395,6795441079668,16.15,15.69,1.11,0.000,0.83
1928,6795441232273,6795441235811,6795441235883,6795441235883,6795441244543,16.37,16.49,1.23,0.000,0.87
1929,6795441395922,6795441399345,6795441399443,6795441399443,6795441409885,16.36,16.53,1.40,0.000,1.04
1930,6795441557540,6795441560860,6795441560949,6795441560949,6795441569708,16.16,15.98,1.22,0.000,0.88
1931,6795441721610,6795441724937,6795441725011,6795441725011,6795441733611,16.41,16.39,1.20,0.000,0.86
1932,6795441885122,6795441889185,6795441889291,6795441889291,6795441900702,16.35,16.71,1.56,0.000,1.14
1933,6795442047200,6795442050157,6795442050233,6795442050233,6795442058381,16.21,15.77,1.12,0.000,0.81
1934,6795442210101,6795442213050,6795442213103,6795442213103,6795442221997,16.29,16.36,1.19,0.000,0.89
1935,6795442373827,6795442376819,6795442376863,6795442376863,6795442389681,16.37,16.77,1.59,0.000,1.28
1936,6795442537790,6795442540495,6795442540548,6795442540548,6795442548912,16.40,15.92,1.11,0.000,0.84
1937,6795442702319,6795442705484,6795442705584,6795442705584,6795442713331,16.45,16.44,1.10,0.000,0.77
1938,6795442863691,6795442867901,6795442867987,6795442867987,6795442876714,16.14,16.34,1.30,0.000,0.87
1939,6795443026018,6795443029330,6795443029399,6795443029399,6795443038403,16.23,16.17,1.24,0.000,0.90
1940,6795443190892,6795443194244,6795443194329,6795443194329,6795443205628,16.49,16.72,1.47,0.000,1.13
1941,6795443353768,6795443356862,6795443356950,6795443356950,6795443365755,16.29,16.01,1.20,0.000,0.88
1942,6795443516126,6795443519808,6795443519890,6795443519890,6795443528688,16.24,16.29,1.26,0.000,0.88
1943,6795443678592,6795443681665,6795443681736,6795443681736,6795443691676,16.25,16.30,1.31,0.000,0.99
1944,6795443841731,6795443844466,6795443844520,6795443844520,6795443853180,16.31,16.15,1.14,0.000,0.87
1945,6795444005761,6795444008459,6795444008530,6795444008530,6795444016667,16.40,16.35,1.09,0.000,0.81
1946,6795444167660,6795444170517,6795444170599,6795444170599,6795444179418,16.19,16.28,1.18,0.000,0.88
1947,6795444331673,6795444334391,6795444334476,6795444334476,6795444342818,16.40,16.34,1.11,0.000,0.83
1948,6795444496350,6795444500144,6795444500193,6795444500193,6795444509179,16.47,16.64,1.28,0.000,0.90
1949,6795444660005,6795444664457,6795444664553,6795444664553,6795444671669,16.37,16.25,1.17,0.000,0.71
1950,6795444820149,6795444823766,6795444823887,6795444823887,6795444833209,16.01,16.15,1.31,0.000,0.93
1951,6795444985476,6795444989233,6795444989339,6795444989339,6795445000034,16.53,16.68,1.46,0.000,1.07
1952,6795445148814,6795445152961,6795445153047,6795445153047,6795445164606,16.33,16.46,1.58,0.000,1.16
1953,6795445310434,6795445313614,6795445313706,6795445313706,6795445322114,16.16,15.75,1.17,0.000,0.84
1954,6795445473003,6795445476237,6795445476332,6795445476332,6795445485947,16.26,16.38,1.29,0.000,0.96
1955,6795445638278,6795445642384,6795445642478,6795445642478,6795445651992,16.53,16.60,1.37,0.000,0.95
1956,6795445799702,6795445803010,6795445803080,6795445803080,6795445812398,16.14,16.04,1.27,0.000,0.93
1957,6795445964353,6795445967422,6795445967509,6795445967509,6795445976493,16.47,16.41,1.21,0.000,0.90
1958,6795446125869,6795446128753,6795446128823,6795446128823,6795446137062,16.15,16.06,1.12,0.000,0.82
1959,6795446288983,6795446292577,6795446292662,6795446292662,6795446302186,16.31,16.51,1.32,0.000,0.95
1960,6795446451986,6795446454944,6795446455021,6795446455021,6795446463602,16.30,16.14,1.16,0.000,0.86
1961,6795446618025,6795446622174,6795446622268,6795446622268,6795446632342,16.60,16.87,1.43,0.000,1.01
1962,6795446780691,6795446784506,6795446784611,6795446784611,6795446795059,16.27,16.27,1.44,0.000,1.04
1963,6795446945036,6795446949249,6795446949354,6795446949354,6795446959465,16.43,16.44,1.44,0.000,1.01
1964,6795447106448,6795447110926,6795447111020,6795447111020,6795447126599,16.14,16.71,2.02,0.000,1.56
1965,6795447268473,6795447271578,6795447271667,6795447271667,6795447280879,16.20,15.43,1.24,0.000,0.92
1966,6795447431485,6795447434214,6795447434281,6795447434281,6795447442527,16.30,16.16,1.10,0.000,0.82
1967,6795447595718,6795447599024,6795447599126,6795447599126,6795447608272,16.42,16.57,1.26,0.000,0.91
1968,6795447756976,6795447759807,6795447759878,6795447759878,6795447768238,16.13,16.00,1.13,0.000,0.84
1969,6795447919797,6795447923023,6795447923089,6795447923089,6795447931224,16.28,16.30,1.14,0.000,0.81
1970,6795448082377,6795448085749,6795448085855,6795448085855,6795448095863,16.26,16.46,1.35,0.000,1.00
1971,6795448251140,6795448255429,6795448255504,6795448255504,6795448267453,16.88,17.16,1.63,0.000,1.19
1972,6795448411260,6795448414667,6795448414761,6795448414761,6795448423122,16.01,15.57,1.19,0.000,0.84
1973,6795448572511,6795448575816,6795448575886,6795448575886,6795448584855,16.13,16.17,1.23,0.000,0.90
1974,6795448735237,6795448738196,6795448738289,6795448738289,6795448747062,16.27,16.22,1.18,0.000,0.88
1975,6795448899710,6795448903693,6795448903838,6795448903838,6795448912737,16.45,16.57,1.30,0.000,0.89
1976,6795449062009,6795449065031,6795449065126,6795449065126,6795449074721,16.23,16.20,1.27,0.000,0.96
1977,6795449224483,6795449227710,6795449227784,6795449227784,6795449236214,16.25,16.15,1.17,0.000,0.84
1978,6795449389521,6795449393344,6795449393449,6795449393449,6795449402636,16.50,16.64,1.31,0.000,0.92
1979,6795449550827,6795449553923,6795449553994,6795449553994,6795449562643,16.13,16.00,1.18,0.000,0.86
1980,6795449713843,6795449716691,6795449716750,6795449716750,6795449725600,16.30,16.30,1.18,0.000,0.89
1981,6795449876947,6795449879798,6795449879847,6795449879847,6795449888938,16.31,16.33,1.20,0.000,0.91
1982,6795450041472,6795450044559,6795450044663,6795450044663,6795450055821,16.45,16.69,1.43,0.000,1.12
1983,6795450205751,6795450209159,6795450209254,6795450209254,6795450218767,16.43,16.29,1.30,0.000,0.95
1984,6795450367183,6795450370099,6795450370174,6795450370174,6795450378672,16.14,15.99,1.15,0.000,0.85
1985,6795450529864,6795450532630,6795450532706,6795450532706,6795450540908,16.27,16.22,1.10,0.000,0.82
1986,6795450694506,6795450697957,6795450698055,6795450698055,6795450708491,16.46,16.76,1.40,0.000,1.04
1987,6795450856508,6795450859302,6795450859374,6795450859374,6795450867900,16.20,15.94,1.14,0.000,0.85
1988,6795451019397,6795451022559,6795451022613,6795451022613,6795451031205,16.29,16.33,1.18,0.000,0.86
1989,6795451183462,6795451186982,6795451187083,6795451187083,6795451198207,16.41,16.70,1.47,0.000,1.11
1990,6795451345919,6795451348940,6795451349012,6795451349012,6795451357716,16.25,15.95,1.18,0.000,0.87
1991,6795451509037,6795451511742,6795451511810,6795451511810,6795451520016,16.31,16.23,1.10,0.000,0.82
1992,6795451671769,6795451674842,6795451674914,6795451674914,6795451683543,16.27,16.35,1.18,0.000,0.86
1993,6795451834599,6795451837554,6795451837622,6795451837622,6795451845765,16.28,16.22,1.12,0.000,0.81
1994,6795452000259,6795452004029,6795452004085,6795452004085,6795452014401,16.57,16.86,1.41,0.000,1.03
1995,6795452160866,6795452163640,6795452163698,6795452163698,6795452172363,16.06,15.80,1.15,0.000,0.87
1996,6795452324547,6795452327392,6795452327437,6795452327437,6795452336211,16.37,16.38,1.17,0.000,0.88
1997,6795452488259,6795452492236,6795452492315,6795452492315,6795452501490,16.37,16.53,1.32,0.000,0.92
1998,6795452650806,6795452654058,6795452654130,6795452654130,6795452663614,16.25,16.21,1.28,0.000,0.95
1999,6795452813871,6795452817063,6795452817135,6795452817135,6795452825786,16.31,16.22,1.19,0.000,0.87
2000,6795452976068,6795452979145,6795452979213,6795452979213,6795452990785,16.22,16.50,1.47,0.000,1.16
2001,6795453139306,6795453142308,6795453142389,6795453142389,6795453151065,16.32,16.03,1.18,0.000,0.87
2002,6795453303596,6795453306581,6795453306673,6795453306673,6795453315482,16.43,16.44,1.19,0.000,0.88
2003,6795453465401,6795453468272,6795453468345,6795453468345,6795453477106,16.18,16.16,1.17,0.000,0.88
2004,6795453628999,6795453631751,6795453631825,6795453631825,6795453640393,16.36,16.33,1.14,0.000,0.86
2005,6795453793215,6795453796414,6795453796528,6795453796528,6795453806501,16.42,16.61,1.33,0.000,1.00
2006,6795453955443,6795453958330,6795453958420,6795453958420,6795453967554,16.22,16.11,1.21,0.000,0.91
2007,6795454118470,6795454121842,6795454121967,6795454121967,6795454130454,16.30,16.29,1.20,0.000,0.85
2008,6795454281656,6795454285383,6795454285487,6795454285487,6795454296605,16.32,16.62,1.49,0.000,1.11
2009,6795454444533,6795454448075,6795454448162,6795454448162,6795454458095,16.29,16.15,1.36,0.000,0.99
2010,6795454611237,6795454615725,6795454615822,6795454615822,6795454624284,16.67,16.62,1.30,0.000,0.85
2011,6795454771665,6795454774787,6795454774879,6795454774879,6795454782793,16.04,15.85,1.11,0.000,0.79
2012,6795454934027,6795454937161,6795454937257,6795454937257,6795454945839,16.24,16.30,1.18,0.000,0.86
2013,6795455100882,6795455104685,6795455104768,6795455104768,6795455113638,16.69,16.78,1.28,0.000,0.89
2014,6795455259656,6795455262431,6795455262509,6795455262509,6795455271686,15.88,15.80,1.20,0.000,0.92
2015,6795455423069,6795455425851,6795455425921,6795455425921,6795455434169,16.34,16.25,1.11,0.000,0.82
2016,6795455586152,6795455589826,6795455589921,6795455589921,6795455602797,16.31,16.86,1.66,0.000,1.29
2017,6795455749650,6795455752374,6795455752447,6795455752447,6795455760623,16.35,15.78,1.10,0.000,0.82
2018,6795455912859,6795455916138,6795455916221,6795455916221,6795455925286,16.32,16.47,1.24,0.000,0.91
2019,6795456075389,6795456078117,6795456078181,6795456078181,6795456086965,16.25,16.17,1.16,0.000,0.88
2020,6795456238723,6795456241667,6795456241732,6795456241732,6795456250052,16.33,16.31,1.13,0.000,0.83
2021,6795456403463,6795456406861,6795456406945,6795456406945,6795456415995,16.47,16.59,1.25,0.000,0.91
2022,6795456566743,6795456570066,6795456570163,6795456570163,6795456579476,16.33,16.35,1.27,0.000,0.93
2023,6795456728553,6795456731527,6795456731596,6795456731596,6795456742827,16.18,16.34,1.43,0.000,1.12
2024,6795456892861,6795456896383,6795456896471,6795456896471,6795456906102,16.43,16.33,1.32,0.000,0.96
2025,6795457054453,6795457057743,6795457057821,6795457057821,6795457066111,16.16,16.00,1.17,0.000,0.83
2026,6795457219513,6795457223378,6795457223456,6795457223456,6795457233322,16.51,16.72,1.38,0.000,0.99
2027,6795457380529,6795457383364,6795457383436,6795457383436,6795457392417,16.10,15.91,1.19,0.000,0.90
2028,6795457543995,6795457547250,6795457547357,6795457547357,6795457556121,16.35,16.37,1.21,0.000,0.88
2029,6795457707716,6795457710545,6795457710606,6795457710606,6795457718646,16.37,16.25,1.09,0.000,0.80
2030,6795457870489,6795457873242,6795457873316,6795457873316,6795457882729,16.28,16.41,1.22,0.000,0.94
2031,6795458033149,6795458035859,6795458035934,6795458035934,6795458044320,16.27,16.16,1.12,0.000,0.84
2032,6795458201129,6795458206364,6795458206424,6795458206424,6795458217496,16.80,17.32,1.64,0.000,1.11
2033,6795458361576,6795458365536,6795458365608,6795458365608,6795458376591,16.04,15.91,1.50,0.000,1.10
2034,6795458524051,6795458527312,6795458527379,6795458527379,6795458536625,16.25,16.00,1.26,0.000,0.92
2035,6795458686387,6795458689961,6795458690067,6795458690067,6795458699480,16.23,16.29,1.31,0.000,0.94
2036,6795458848528,6795458851237,6795458851301,6795458851301,6795458859760,16.21,16.03,1.12,0.000,0.85
2037,6795459012046,6795459014750,6795459014818,6795459014818,6795459022956,16.35,16.32,1.09,0.000,0.81
2038,6795459176053,6795459179380,6795459179448,6795459179448,6795459193601,16.40,17.06,1.75,0.000,1.42
2039,6795459338084,6795459341998,6795459342105,6795459342105,6795459352232,16.20,15.86,1.41,0.000,1.01
2040,6795459502460,6795459505956,6795459506067,6795459506067,6795459515925,16.44,16.37,1.35,0.000,0.99
2041,6795459664188,6795459667007,6795459667076,6795459667076,6795459675558,16.17,15.96,1.14,0.000,0.85
2042,6795459828657,6795459831491,6795459831558,6795459831558,6795459840149,16.45,16.46,1.15,0.000,0.86
2043,6795459991770,6795459995756,6795459995837,6795459995837,6795460005894,16.31,16.57,1.41,0.000,1.01
2044,6795460153864,6795460157664,6795460157746,6795460157746,6795460166659,16.21,16.08,1.28,0.000,0.89
2045,6795460318816,6795460322891,6795460322969,6795460322969,6795460332013,16.50,16.54,1.32,0.000,0.90
2046,6795460480323,6795460483779,6795460483897,6795460483897,6795460497089,16.15,16.51,1.68,0.000,1.32
2047,6795460643455,6795460646683,6795460646772,6795460646772,6795460655394,16.31,15.83,1.19,0.000,0.86
2048,6795460807618,6795460811033,6795460811129,6795460811129,6795460820112,16.42,16.47,1.25,0.000,0.90
2049,6795460969424,6795460972361,6795460972428,6795460972428,6795460981015,16.18,16.09,1.16,0.000,0.86
2050,6795461132117,6795461134997,6795461135089,6795461135089,6795461144638,16.27,16.36,1.25,0.000,0.95
2051,6795461297500,6795461300991,6795461301092,6795461301092,6795461310478,16.54,16.58,1.30,0.000,0.94
2052,6795461459166,6795461462484,6795461462561,6795461462561,6795461471369,16.17,16.09,1.22,0.000,0.88
2053,6795461623200,6795461626198,6795461626292,6795461626292,6795461634615,16.40,16.32,1.14,0.000,0.83
2054,6795461787683,6795461793181,6795461793247,6795461793247,6795461803694,16.45,16.91,1.60,0.000,1.04
2055,6795461949136,6795461952187,6795461952276,6795461952276,6795461960775,16.15,15.71,1.16,0.000,0.85
2056,6795462112510,6795462115352,6795462115421,6795462115421,6795462124151,16.34,16.34,1.16,0.000,0.87
2057,6795462275716,6795462278466,6795462278533,6795462278533,6795462287693,16.32,16.35,1.20,0.000,0.92
2058,6795462438507,6795462441562,6795462441639,6795462441639,6795462450074,16.28,16.24,1.16,0.000,0.84
2059,6795462602735,6795462605886,6795462605960,6795462605960,6795462614901,16.42,16.48,1.22,0.000,0.89
2060,6795462764571,6795462767364,6795462767470,6795462767470,6795462775948,16.18,16.10,1.14,0.000,0.85
2061,6795462927630,6795462930499,6795462930595,6795462930595,6795462938855,16.31,16.29,1.12,0.000,0.83
2062,6795463092025,6795463095971,6795463096100,6795463096100,6795463106992,16.44,16.81,1.50,0.000,1.09
2063,6795463253485,6795463256469,6795463256551,6795463256551,6795463265482,16.15,15.85,1.20,0.000,0.89
2064,6795463418429,6795463421736,6795463421838,6795463421838,6795463430171,16.49,16.47,1.17,0.000,0.83
2065,6795463580374,6795463583301,6795463583377,6795463583377,6795463596884,16.19,16.67,1.65,0.000,1.35
2066,6795463743364,6795463746244,6795463746306,6795463746306,6795463754785,16.30,15.79,1.14,0.000,0.85
2067,6795463907665,6795463911342,6795463911414,6795463911414,6795463920216,16.43,16.54,1.26,0.000,0.88
2068,6795464070794,6795464073682,6795464073749,6795464073749,6795464082119,16.31,16.19,1.13,0.000,0.84
2069,6795464232959,6795464236355,6795464236424,6795464236424,6795464245519,16.22,16.34,1.26,0.000,0.91
2070,6795464396720,6795464400197,6795464400291,6795464400291,6795464410755,16.38,16.52,1.40,0.000,1.05
2071,6795464559612,6795464563028,6795464563092,6795464563092,6795464571799,16.29,16.10,1.22,0.000,0.87
2072,6795464722357,6795464725508,6795464725585,6795464725585,6795464734659,16.27,16.29,1.23,0.000,0.91
2073,6795464885423,6795464889099,6795464889191,6795464889191,6795464900677,16.31,16.60,1.53,0.000,1.15
2074,6795465048762,6795465052299,6795465052397,6795465052397,6795465061570,16.33,16.09,1.28,0.000,0.92
2075,6795465212303,6795465215291,6795465215417,6795465215417,6795465223761,16.35,16.22,1.15,0.000,0.83
2076,6795465374881,6795465378117,6795465378183,6795465378183,6795465390492,16.26,16.67,1.56,0.000,1.23
2077,6795465537956,6795465541162,6795465541230,6795465541230,6795465550072,16.31,15.96,1.21,0.000,0.88
2078,6795465704179,6795465708229,6795465708313,6795465708313,6795465717362,16.62,16.73,1.32,0.000,0.90
2079,6795465863997,6795465866801,6795465866899,6795465866899,6795465877333,15.98,16.00,1.33,0.000,1.04
2080,6795466027556,6795466030415,6795466030490,6795466030490,6795466039348,16.36,16.20,1.18,0.000,0.89
2081,6795466191221,6795466194839,6795466194959,6795466194959,6795466205041,16.37,16.57,1.38,0.000,1.01
2082,6795466354612,6795466357591,6795466357659,6795466357659,6795466366182,16.34,16.11,1.16,0.000,0.85
2083,6795466516661,6795466519443,6795466519528,6795466519528,6795466527889,16.20,16.17,1.12,0.000,0.84
2084,6795466679811,6795466682999,6795466683075,6795466683075,6795466696553,16.32,16.87,1.67,0.000,1.35
2085,6795466843191,6795466846364,6795466846431,6795466846431,6795466854585,16.34,15.80,1.14,0.000,0.82
2086,6795467008080,6795467012170,6795467012450,6795467012450,6795467022483,16.49,16.79,1.44,0.000,1.00
2087,6795467169507,6795467172632,6795467172694,6795467172694,6795467181076,16.14,15.86,1.16,0.000,0.84
2088,6795467332211,6795467335337,6795467335411,6795467335411,6795467343814,16.27,16.27,1.16,0.000,0.84
2089,6795467497019,6795467500976,6795467501191,6795467501191,6795467511975,16.48,16.82,1.50,0.000,1.08
2090,6795467658999,6795467662124,6795467662218,6795467662218,6795467671523,16.20,15.95,1.25,0.000,0.93
2091,6795467821779,6795467824642,6795467824743,6795467824743,6795467833093,16.28,16.16,1.13,0.000,0.83
2092,6795467985046,6795467988824,6795467988911,6795467988911,6795467999582,16.33,16.65,1.45,0.000,1.07
2093,6795468147326,6795468150677,6795468150739,6795468150739,6795468160160,16.23,16.06,1.28,0.000,0.94
2094,6795468314895,6795468319630,6795468319684,6795468319684,6795468333222,16.76,17.31,1.83,0.000,1.35
2095,6795468475254,6795468478355,6795468478446,6795468478446,6795468487360,16.04,15.41,1.21,0.000,0.89
2096,6795468638096,6795468642363,6795468642433,6795468642433,6795468651942,16.28,16.46,1.38,0.000,0.95
2097,6795468808514,6795468812462,6795468812595,6795468812595,6795468822456,17.04,17.05,1.39,0.000,0.99
2098,6795468963637,6795468966442,6795468966526,6795468966526,6795468974575,15.51,15.21,1.09,0.000,0.80
2099,6795469126093,6795469128874,6795469128939,6795469128939,6795469137215,16.25,16.26,1.11,0.000,0.83
2100,6795469289158,6795469293317,6795469293396,6795469293396,6795469305137,16.31,16.79,1.60,0.000,1.17
2101,6795469452996,6795469456009,6795469456083,6795469456083,6795469465068,16.38,15.99,1.21,0.000,0.90
2102,6795469616240,6795469619159,6795469619255,6795469619255,6795469627972,16.32,16.29,1.17,0.000,0.87
2103,6795469778846,6795469781933,6795469782022,6795469782022,6795469794791,16.26,16.68,1.59,0.000,1.28
2104,6795469942350,6795469945312,6795469945385,6795469945385,6795469954049,16.35,15.93,1.17,0.000,0.87
2105,6795470105571,6795470108782,6795470108889,6795470108889,6795470116906,16.32,16.29,1.13,0.000,0.80
2106,6795470267804,6795470271101,6795470271178,6795470271178,6795470280000,16.22,16.31,1.22,0.000,0.88
2107,6795470430984,6795470433829,6795470433965,6795470433965,6795470442312,16.32,16.23,1.13,0.000,0.83
2108,6795470595247,6795470598793,6795470598900,6795470598900,6795470609371,16.43,16.71,1.41,0.000,1.05
2109,6795470756958,6795470759729,6795470759836,6795470759836,6795470769155,16.17,15.98,1.22,0.000,0.93
2110,6795470920952,6795470923873,6795470923950,6795470923950,6795470932434,16.40,16.33,1.15,0.000,0.85
2111,6795471083642,6795471086427,6795471086501,6795471086501,6795471098611,16.27,16.62,1.50,0.000,1.21
2112,6795471247680,6795471250475,6795471250542,6795471250542,6795471258920,16.40,16.03,1.12,0.000,0.84
2113,6795471411880,6795471416145,6795471416218,6795471416218,6795471424687,16.42,16.58,1.28,0.000,0.85
2114,6795471574551,6795471577718,6795471577797,6795471577797,6795471587031,16.27,16.23,1.25,0.000,0.92
2115,6795471736416,6795471739705,6795471739791,6795471739791,6795471748325,16.19,16.13,1.19,0.000,0.85
2116,6795471902555,6795471906674,6795471906796,6795471906796,6795471917832,16.61,16.95,1.53,0.000,1.10
2117,6795472062797,6795472065854,6795472065925,6795472065925,6795472079134,16.02,16.13,1.63,0.000,1.32
2118,6795472226034,6795472229494,6795472229559,6795472229559,6795472239023,16.32,15.99,1.30,0.000,0.95
2119,6795472392057,6795472398874,6795472398957,6795472398957,6795472408510,16.60,16.95,1.65,0.000,0.96
2120,6795472551619,6795472554753,6795472554813,6795472554813,6795472564972,15.96,15.65,1.34,0.000,1.02
2121,6795472714876,6795472717765,6795472717833,6795472717833,6795472726547,16.33,16.16,1.17,0.000,0.87
2122,6795472878679,6795472881797,6795472881863,6795472881863,6795472891412,16.38,16.49,1.27,0.000,0.95
2123,6795473044703,6795473048839,6795473049125,6795473049125,6795473060406,16.60,16.90,1.57,0.000,1.13
2124,6795473207130,6795473210573,6795473210657,6795473210657,6795473219578,16.24,15.92,1.24,0.000,0.89
2125,6795473369270,6795473372406,6795473372475,6795473372475,6795473380739,16.21,16.12,1.15,0.000,0.83
2126,6795473532037,6795473535193,6795473535300,6795473535300,6795473543818,16.28,16.31,1.18,0.000,0.85
2127,6795473697403,6795473701380,6795473701445,6795473701445,6795473711132,16.54,16.73,1.37,0.000,0.97
2128,6795473858633,6795473861422,6795473861489,6795473861489,6795473870188,16.12,15.91,1.16,0.000,0.87
2129,6795474021468,6795474024255,6795474024334,6795474024334,6795474033108,16.28,16.29,1.16,0.000,0.88
2130,6795474184245,6795474187059,6795474187129,6795474187129,6795474198809,16.28,16.57,1.46,0.000,1.17
2131,6795474347408,6795474350180,6795474350285,6795474350285,6795474358342,16.32,15.95,1.09,0.000,0.81
2132,6795474512516,6795474515684,6795474515778,6795474515778,6795474524424,16.51,16.61,1.19,0.000,0.86
2133,6795474674159,6795474676921,6795474676982,6795474676982,6795474685527,16.16,16.11,1.14,0.000,0.85
2134,6795474839117,6795474842826,6795474842906,6795474842906,6795474851054,16.50,16.55,1.19,0.000,0.81
2135,6795475002290,6795475005565,6795475005641,6795475005641,6795475014413,16.32,16.34,1.21,0.000,0.88
2136,6795475163223,6795475165951,6795475166035,6795475166035,6795475175242,16.09,16.08,1.20,0.000,0.92
2137,6795475328034,6795475331270,6795475331360,6795475331360,6795475339526,16.48,16.43,1.15,0.000,0.82
2138,6795475489558,6795475493518,6795475493625,6795475493625,6795475504500,16.15,16.50,1.49,0.000,1.09
2139,6795475653581,6795475657088,6795475657190,6795475657190,6795475666456,16.40,16.20,1.29,0.000,0.93
2140,6795475815699,6795475818990,6795475819063,6795475819063,6795475828668,16.21,16.22,1.30,0.000,0.96
2141,6795475979492,6795475982906,6795475982976,6795475982976,6795475993129,16.38,16.45,1.36,0.000,1.02
2142,6795476143269,6795476146982,6795476147090,6795476147090,6795476156579,16.38,16.34,1.33,0.000,0.95
2143,6795476307277,6795476311029,6795476311142,6795476311142,6795476321695,16.40,16.51,1.44,0.000,1.06
2144,6795476468876,6795476472342,6795476472418,6795476472418,6795476482719,16.16,16.10,1.38,0.000,1.03
2145,6795476632731,6795476636825,6795476636906,6795476636906,6795476646216,16.39,16.35,1.35,0.000,0.93
2146,6795476798326,6795476804056,6795476804162,6795476804162,6795476813641,16.56,16.74,1.53,0.000,0.95
2147,6795476957313,6795476960295,6795476960377,6795476960377,6795476968996,15.90,15.54,1.17,0.000,0.86
2148,6795477121408,6795477124479,6795477124553,6795477124553,6795477134347,16.41,16.54,1.29,0.000,0.98
2149,6795477283767,6795477286666,6795477286762,6795477286762,6795477299810,16.24,16.55,1.60,0.000,1.30
2150,6795477452149,6795477456509,6795477456592,6795477456592,6795477469789,16.84,17.00,1.76,0.000,1.32
2151,6795477611675,6795477614507,6795477614577,6795477614577,6795477623111,15.95,15.33,1.14,0.000,0.85
2152,6795477773170,6795477776207,6795477776283,6795477776283,6795477785016,16.15,16.19,1.18,0.000,0.87
2153,6795477935644,6795477938436,6795477938510,6795477938510,6795477946839,16.25,16.18,1.12,0.000,0.83
2154,6795478099666,6795478103050,6795478103127,6795478103127,6795478113270,16.40,16.64,1.36,0.000,1.01
2155,6795478262673,6795478265583,6795478265655,6795478265655,6795478273929,16.30,16.07,1.13,0.000,0.83
2156,6795478425558,6795478428430,6795478428505,6795478428505,6795478437012,16.29,16.31,1.15,0.000,0.85
2157,6795478588918,6795478593265,6795478593372,6795478593372,6795478603776,16.34,16.68,1.49,0.000,1.04
2158,6795478751488,6795478754589,6795478754675,6795478754675,6795478763294,16.26,15.95,1.18,0.000,0.86
2159,6795478915285,6795478918771,6795478918822,6795478918822,6795478927851,16.38,16.46,1.26,0.000,0.90
2160,6795479077581,6795479080471,6795479080524,6795479080524,6795479089418,16.23,16.16,1.18,0.000,0.89
2161,6795479242116,6795479245092,6795479245162,6795479245162,6795479253454,16.45,16.40,1.13,0.000,0.83
2162,6795479405453,6795479408908,6795479409013,6795479409013,6795479418213,16.33,16.48,1.28,0.000,0.92
2163,6795479570486,6795479573869,6795479573947,6795479573947,6795479581993,16.50,16.38,1.15,0.000,0.80
2164,6795479730454,6795479733802,6795479733858,6795479733858,6795479743532,16.00,16.15,1.31,0.000,0.97
2165,6795479894981,6795479898983,6795479899090,6795479899090,6795479908511,16.45,16.50,1.35,0.000,0.94
2166,6795480057187,6795480060383,6795480060452,6795480060452,6795480069709,16.22,16.12,1.25,0.000,0.93
2167,6795480219995,6795480222973,6795480223059,6795480223059,6795480231860,16.28,16.22,1.19,0.000,0.88
2168,6795480382937,6795480385909,6795480385976,6795480385976,6795480401255,16.29,16.94,1.83,0.000,1.53
2169,6795480545989,6795480548991,6795480549068,6795480549068,6795480557692,16.31,15.64,1.17,0.000,0.86
2170,6795480709606,6795480712608,6795480712685,6795480712685,6795480721538,16.36,16.38,1.19,0.000,0.89
2171,6795480872982,6795480875799,6795480875867,6795480875867,6795480884429,16.34,16.29,1.14,0.000,0.86
2172,6795481036101,6795481038988,6795481039042,6795481039042,6795481047725,16.31,16.33,1.16,0.000,0.87
2173,6795481201670,6795481205196,6795481205281,6795481205281,6795481214079,16.56,16.64,1.24,0.000,0.88
2174,6795481361526,6795481364693,6795481364761,6795481364761,6795481373748,15.99,15.97,1.22,0.000,0.90
2175,6795481525299,6795481528494,6795481528563,6795481528563,6795481536641,16.38,16.29,1.13,0.000,0.81
2176,6795481692770,6795481697507,6795481697581,6795481697581,6795481711491,16.75,17.48,1.87,0.000,1.39
2177,6795481852670,6795481855923,6795481856013,6795481856013,6795481864632,15.99,15.31,1.20,0.000,0.86
2178,6795482016600,6795482020059,6795482020121,6795482020121,6795482030154,16.39,16.55,1.36,0.000,1.00
2179,6795482178394,6795482181767,6795482181862,6795482181862,6795482190844,16.18,16.07,1.25,0.000,0.90
2180,6795482341614,6795482344576,6795482344674,6795482344674,6795482353509,16.32,16.27,1.19,0.000,0.88
2181,6795482505745,6795482509543,6795482509623,6795482509623,6795482519479,16.41,16.60,1.37,0.000,0.99
2182,6795482669960,6795482673526,6795482673621,6795482673621,6795482682080,16.42,16.26,1.21,0.000,0.85
2183,6795482832501,6795482836311,6795482836406,6795482836406,6795482844507,16.25,16.24,1.20,0.000,0.81
2184,6795482993810,6795482997701,6795482997821,6795482997821,6795483007690,16.13,16.32,1.39,0.000,0.99
2185,6795483155802,6795483158727,6795483158799,6795483158799,6795483167639,16.20,15.99,1.18,0.000,0.88
2186,6795483319650,6795483323196,6795483323295,6795483323295,6795483331731,16.38,16.41,1.21,0.000,0.84
2187,6795483481854,6795483484889,6795483484952,6795483484952,6795483494625,16.22,16.29,1.28,0.000,0.97
2188,6795483646415,6795483649420,6795483649513,6795483649513,6795483658367,16.46,16.37,1.20,0.000,0.89
2189,6795483812148,6795483815302,6795483815377,6795483815377,6795483824258,16.57,16.59,1.21,0.000,0.89
2190,6795483971623,6795483974612,6795483974682,6795483974682,6795483983889,15.95,15.96,1.23,0.000,0.92
2191,6795484134566,6795484137487,6795484137556,6795484137556,6795484146699,16.29,16.28,1.21,0.000,0.91
2192,6795484299585,6795484303166,6795484303252,6795484303252,6795484312984,16.50,16.63,1.34,0.000,0.97
2193,6795484460814,6795484464060,6795484464154,6795484464154,6795484472961,16.12,16.00,1.21,0.000,0.88
2194,6795484625228,6795484628719,6795484628811,6795484628811,6795484637524,16.44,16.46,1.23,0.000,0.87
2195,6795484788274,6795484791936,6795484792058,6795484792058,6795484802731,16.30,16.52,1.45,0.000,1.07
2196,6795484950495,6795484953555,6795484953622,6795484953622,6795484962244,16.22,15.95,1.17,0.000,0.86
2197,6795485116330,6795485119592,6795485119675,6795485119675,6795485127602,16.58,16.54,1.13,0.000,0.79
2198,6795485278765,6795485282298,6795485282387,6795485282387,6795485290685,16.24,16.31,1.19,0.000,0.83
2199,6795485443147,6795485446732,6795485446813,6795485446813,6795485455017,16.44,16.43,1.19,0.000,0.82
2200,6795485605128,6795485608952,6795485609026,6795485609026,6795485617840,16.20,16.28,1.27,0.000,0.88
2201,6795485766599,6795485769698,6795485769767,6795485769767,6795485778301,16.15,16.05,1.17,0.000,0.85
2202,6795485929745,6795485932799,6795485932867,6795485932867,6795485941175,16.31,16.29,1.14,0.000,0.83
2203,6795486092701,6795486096771,6795486096903,6795486096903,6795486109718,16.30,16.85,1.70,0.000,1.28
2204,6795486255735,6795486258995,6795486259088,6795486259088,6795486267535,16.30,15.78,1.18,0.000,0.84
2205,6795486420271,6795486423041,6795486423128,6795486423128,6795486430956,16.45,16.34,1.07,0.000,0.78
2206,6795486581556,6795486584311,6795486584381,6795486584381,6795486593433,16.13,16.25,1.19,0.000,0.91
2207,6795486745110,6795486747968,6795486748050,6795486748050,6795486756495,16.36,16.31,1.14,0.000,0.84
2208,6795486908611,6795486912239,6795486912365,6795486912365,6795486921504,16.35,16.50,1.29,0.000,0.91
2209,6795487070811,6795487073584,6795487073656,6795487073656,6795487081904,16.22,16.04,1.11,0.000,0.82
2210,6795487234459,6795487237878,6795487237950,6795487237950,6795487247496,16.36,16.56,1.30,0.000,0.95
2211,6795487399352,6795487404235,6795487404291,6795487404291,6795487415593,16.49,16.81,1.62,0.000,1.13
2212,6795487560963,6795487564407,6795487564480,6795487564480,6795487574640,16.16,15.90,1.37,0.000,1.02
2213,6795487723362,6795487726604,6795487726735,6795487726735,6795487736223,16.24,16.16,1.29,0.000,0.95
2214,6795487886876,6795487890070,6795487890147,6795487890147,6795487901998,16.35,16.58,1.51,0.000,1.19
2215,6795488050238,6795488053551,6795488053629,6795488053629,6795488062403,16.34,16.04,1.22,0.000,0.88
2216,6795488218288,6795488222958,6795488223022,6795488223022,6795488236164,16.80,17.38,1.79,0.000,1.31
2217,6795488378938,6795488383298,6795488383382,6795488383382,6795488396755,16.07,16.06,1.78,0.000,1.34
2218,6795488539697,6795488542593,6795488542657,6795488542657,6795488551133,16.08,15.44,1.14,0.000,0.85
2219,6795488705027,6795488708743,6795488708832,6795488708832,6795488717658,16.53,16.65,1.26,0.000,0.88
2220,6795488866060,6795488869210,6795488869365,6795488869365,6795488879287,16.10,16.16,1.32,0.000,0.99
2221,6795489029275,6795489032194,6795489032279,6795489032279,6795489041045,16.32,16.18,1.18,0.000,0.88
2222,6795489192751,6795489196720,6795489196812,6795489196812,6795489207502,16.35,16.65,1.48,0.000,1.07
2223,6795489355466,6795489358565,6795489358633,6795489358633,6795489367648,16.27,16.01,1.22,0.000,0.90
2224,6795489518312,6795489521615,6795489521688,6795489521688,6795489531349,16.28,16.37,1.30,0.000,0.97
2225,6795489680616,6795489683990,6795489684056,6795489684056,6795489692117,16.23,16.08,1.15,0.000,0.81
2226,6795489844265,6795489847575,6795489847638,6795489847638,6795489856923,16.36,16.48,1.27,0.000,0.93
2227,6795490010194,6795490014805,6795490014878,6795490014878,6795490024211,16.59,16.73,1.40,0.000,0.93
2228,6795490170840,6795490173889,6795490173992,6795490173992,6795490183047,16.06,15.88,1.22,0.000,0.91
2229,6795490333558,6795490336535,6795490336648,6795490336648,6795490345483,16.27,16.24,1.19,0.000,0.88
2230,6795490497699,6795490501576,6795490501687,6795490501687,6795490513469,16.41,16.80,1.58,0.000,1.18
2231,6795490659909,6795490662737,6795490662805,6795490662805,6795490671782,16.22,15.83,1.19,0.000,0.90
2232,6795490823027,6795490825980,6795490826075,6795490826075,6795490834572,16.31,16.28,1.15,0.000,0.85
2233,6795490985732,6795490988830,6795490988909,6795490988909,6795490998881,16.27,16.43,1.31,0.000,1.00
2234,6795491148877,6795491151976,6795491152052,6795491152052,6795491161436,16.31,16.26,1.26,0.000,0.94
2235,6795491312896,6795491316386,6795491316487,6795491316487,6795491325414,16.40,16.40,1.25,0.000,0.89
2236,6795491474912,6795491478002,6795491478071,6795491478071,6795491490117,16.20,16.47,1.52,0.000,1.20
2237,6795491638245,6795491641972,6795491642088,6795491642088,6795491651639,16.33,16.15,1.34,0.000,0.96
2238,6795491803753,6795491807622,6795491807762,6795491807762,6795491818230,16.55,16.66,1.45,0.000,1.05
2239,6795491964419,6795491967479,6795491967559,6795491967559,6795491976244,16.07,15.80,1.18,0.000,0.87
2240,6795492127514,6795492130462,6795492130525,6795492130525,6795492139336,16.31,16.31,1.18,0.000,0.88
2241,6795492290376,6795492294003,6795492294069,6795492294069,6795492307128,16.29,16.78,1.68,0.000,1.31
2242,6795492454127,6795492457388,6795492457469,6795492457469,6795492466092,16.38,15.90,1.20,0.000,0.86
2243,6795492617132,6795492619978,6795492620076,6795492620076,6795492628868,16.30,16.28,1.17,0.000,0.88
2244,6795492780025,6795492782780,6795492782841,6795492782841,6795492791671,16.29,16.28,1.16,0.000,0.88
2245,6795492943198,6795492946424,6795492946506,6795492946506,6795492955460,16.32,16.38,1.23,0.000,0.90
2246,6795493108549,6795493111605,6795493111715,6795493111715,6795493120968,16.54,16.55,1.24,0.000,0.93
2247,6795493269178,6795493272394,6795493272465,6795493272465,6795493281629,16.06,16.07,1.25,0.000,0.92
2248,6795493433531,6795493436854,6795493436920,6795493436920,6795493445848,16.44,16.42,1.23,0.000,0.89
2249,6795493597182,6795493601295,6795493601401,6795493601401,6795493611048,16.37,16.52,1.39,0.000,0.96
2250,6795493758686,6795493762064,6795493762129,6795493762129,6795493770753,16.15,15.97,1.21,0.000,0.86
2251,6795493922528,6795493925350,6795493925425,6795493925425,6795493933453,16.38,16.27,1.09,0.000,0.80
2252,6795494086131,6795494089568,6795494089644,6795494089644,6795494099961,16.36,16.65,1.38,0.000,1.03
2253,6795494251042,6795494255125,6795494255223,6795494255223,6795494264960,16.49,16.50,1.39,0.000,0.97
2254,6795494415098,6795494419272,6795494419371,6795494419371,6795494429385,16.41,16.44,1.43,0.000,1.00
2255,6795494577329,6795494580964,6795494581092,6795494581092,6795494590085,16.22,16.07,1.28,0.000,0.90
2256,6795494745593,6795494749454,6795494749575,6795494749575,6795494761963,16.83,17.19,1.64,0.000,1.24
2257,6795494902576,6795494906285,6795494906392,6795494906392,6795494917009,15.70,15.50,1.44,0.000,1.06
2258,6795495064568,6795495067872,6795495067943,6795495067943,6795495078203,16.20,16.12,1.36,0.000,1.03
2259,6795495226783,6795495230021,6795495230127,6795495230127,6795495240020,16.22,16.18,1.32,0.000,0.99
2260,6795495393288,6795495398611,6795495398736,6795495398736,6795495409200,16.65,16.92,1.59,0.000,1.05
2261,6795495553453,6795495556931,6795495557004,6795495557004,6795495566687,16.02,15.75,1.32,0.000,0.97
2262,6795495724828,6795495729305,6795495729366,6795495729366,6795495740395,17.14,17.37,1.56,0.000,1.10
2263,6795495880480,6795495883768,6795495883864,6795495883864,6795495892997,15.57,15.26,1.25,0.000,0.91
2264,6795496043399,6795496046413,6795496046489,6795496046489,6795496056347,16.29,16.34,1.29,0.000,0.99
2265,6795496208603,6795496212078,6795496212157,6795496212157,6795496220502,16.52,16.42,1.19,0.000,0.83
2266,6795496368817,6795496371554,6795496371625,6795496371625,6795496380097,16.02,15.96,1.13,0.000,0.85
2267,6795496531877,6795496534597,6795496534671,6795496534671,6795496542926,16.31,16.28,1.10,0.000,0.83
2268,6795496695964,6795496700168,6795496700253,6795496700253,6795496713203,16.41,17.03,1.72,0.000,1.29
2269,6795496858287,6795496861124,6795496861193,6795496861193,6795496870530,16.23,15.73,1.22,0.000,0.93
2270,6795497021475,6795497024343,6795497024424,6795497024424,6795497034015,16.32,16.35,1.25,0.000,0.96
2271,6795497184442,6795497187449,6795497187541,6795497187541,6795497197719,16.30,16.37,1.33,0.000,1.02
2272,6795497347761,6795497350721,6795497350831,6795497350831,6795497360270,16.33,16.26,1.25,0.000,0.94
2273,6795497512835,6795497516137,6795497516217,6795497516217,6795497524849,16.51,16.46,1.20,0.000,0.86
2274,6795497673960,6795497676888,6795497676950,6795497676950,6795497685785,16.11,16.09,1.18,0.000,0.88
2275,6795497836827,6795497839645,6795497839714,6795497839714,6795497848286,16.29,16.25,1.15,0.000,0.86
2276,6795498008465,6795498012151,6795498012211,6795498012211,6795498021637,17.16,17.34,1.32,0.000,0.94
2277,6795498164042,6795498167167,6795498167261,6795498167261,6795498176828,15.56,15.52,1.28,0.000,0.96
2278,6795498332688,6795498337495,6795498337664,6795498337664,6795498349920,16.86,17.31,1.72,0.000,1.23
2279,6795498494226,6795498499630,6795498499753,6795498499753,6795498510858,16.15,16.09,1.66,0.000,1.11
2280,6795498654546,6795498658589,6795498658691,6795498658691,6795498668101,16.03,15.72,1.36,0.000,0.94
2281,6795498816815,6795498820598,6795498820707,6795498820707,6795498833910,16.23,16.58,1.71,0.000,1.32
2282,6795498979206,6795498982713,6795498982810,6795498982810,6795498992510,16.24,15.86,1.33,0.000,0.97
2283,6795499142392,6795499145920,6795499146007,6795499146007,6795499155416,16.32,16.29,1.30,0.000,0.94
2284,6795499306063,6795499309919,6795499310020,6795499310020,6795499319956,16.37,16.45,1.39,0.000,0.99
2285,6795499470313,6795499475021,6795499475101,6795499475101,6795499483414,16.43,16.35,1.31,0.000,0.83
2286,6795499631122,6795499634031,6795499634110,6795499634110,6795499643444,16.08,16.00,1.23,0.000,0.93
2287,6795499795758,6795499800119,6795499800257,6795499800257,6795499811084,16.46,16.76,1.53,0.000,1.08
2288,6795499958188,6795499962128,6795499962234,6795499962234,6795499972279,16.24,16.12,1.41,0.000,1.00
2289,6795500120635,6795500123603,6795500123676,6795500123676,6795500131991,16.24,15.97,1.14,0.000,0.83
2290,6795500283528,6795500286398,6795500286476,6795500286476,6795500295650,16.29,16.37,1.21,0.000,0.92
2291,6795500447029,6795500449893,6795500449969,6795500449969,6795500458277,16.35,16.26,1.12,0.000,0.83
2292,6795500611574,6795500614878,6795500615002,6795500615002,6795500624900,16.45,16.66,1.33,0.000,0.99
2293,6795500772753,6795500775815,6795500775913,6795500775913,6795500784899,16.12,16.00,1.21,0.000,0.90
2294,6795500937904,6795500941457,6795500941546,6795500941546,6795500949836,16.52,16.49,1.19,0.000,0.83
2295,6795501102960,6795501108480,6795501108587,6795501108587,6795501117049,16.51,16.72,1.41,0.000,0.85
2296,6795501264165,6795501268123,6795501268189,6795501268189,6795501276653,16.12,15.96,1.25,0.000,0.85
2297,6795501425690,6795501428475,6795501428574,6795501428574,6795501436895,16.15,16.02,1.12,0.000,0.83
2298,6795501589173,6795501592373,6795501592478,6795501592478,6795501601888,16.35,16.50,1.27,0.000,0.94
2299,6795501751719,6795501754432,6795501754503,6795501754503,6795501762692,16.25,16.08,1.10,0.000,0.82
2300,6795501916133,6795501919363,6795501919445,6795501919445,6795501929215,16.44,16.65,1.31,0.000,0.98
2301,6795502078753,6795502081873,6795502081952,6795502081952,6795502090145,16.26,16.09,1.14,0.000,0.82
2302,6795502241492,6795502244264,6795502244333,6795502244333,6795502252781,16.27,16.26,1.13,0.000,0.84
2303,6795502405829,6795502409530,6795502409648,6795502409648,6795502418378,16.43,16.56,1.25,0.000,0.87
2304,6795502567803,6795502571694,6795502571772,6795502571772,6795502581778,16.20,16.34,1.40,0.000,1.00
2305,6795502734569,6795502738644,6795502738752,6795502738752,6795502747472,16.68,16.57,1.29,0.000,0.87
2306,6795502894480,6795502898952,6795502899070,6795502899070,6795502912332,15.99,16.49,1.79,0.000,1.33
2307,6795503057634,6795503061105,6795503061179,6795503061179,6795503071088,16.32,15.88,1.35,0.000,0.99
2308,6795503221000,6795503224409,6795503224502,6795503224502,6795503233970,16.34,16.29,1.30,0.000,0.95
2309,6795503383017,6795503385835,6795503385918,6795503385918,6795503395277,16.20,16.13,1.23,0.000,0.94
2310,6795503548419,6795503552213,6795503552308,6795503552308,6795503560857,16.54,16.56,1.24,0.000,0.85
2311,6795503710879,6795503713979,6795503714077,6795503714077,6795503723432,16.25,16.26,1.26,0.000,0.94
2312,6795503875128,6795503879266,6795503879332,6795503879332,6795503888447,16.42,16.50,1.33,0.000,0.91
2313,6795504037198,6795504040615,6795504040686,6795504040686,6795504048467,16.21,16.00,1.13,0.000,0.78
2314,6795504202704,6795504206756,6795504206854,6795504206854,6795504215552,16.55,16.71,1.28,0.000,0.87
2315,6795504362710,6795504365578,6795504365642,6795504365642,6795504374538,16.00,15.90,1.18,0.000,0.89
2316,6795504526321,6795504529083,6795504529199,6795504529199,6795504538414,16.36,16.39,1.21,0.000,0.92
2317,6795504688134,6795504691384,6795504691480,6795504691480,6795504701640,16.18,16.32,1.35,0.000,1.02
2318,6795504852066,6795504854785,6795504854888,6795504854888,6795504864099,16.39,16.25,1.20,0.000,0.92
2319,6795505014912,6795505018217,6795505018325,6795505018325,6795505026812,16.28,16.27,1.19,0.000,0.85
2320,6795505177544,6795505180580,6795505180647,6795505180647,6795505188982,16.26,16.22,1.14,0.000,0.83
2321,6795505340356,6795505343317,6795505343378,6795505343378,6795505351923,16.28,16.29,1.16,0.000,0.85
2322,6795505504838,6795505508558,6795505508634,6795505508634,6795505517310,16.45,16.54,1.25,0.000,0.87
2323,6795505667067,6795505670112,6795505670253,6795505670253,6795505678692,16.22,16.14,1.16,0.000,0.84
2324,6795505832077,6795505836065,6795505836124,6795505836124,6795505844706,16.50,16.60,1.26,0.000,0.86
2325,6795505993851,6795505997541,6795505997621,6795505997621,6795506008058,16.18,16.34,1.42,0.000,1.04
2326,6795506156570,6795506159290,6795506159367,6795506159367,6795506168404,16.27,16.03,1.18,0.000,0.90
2327,6795506320682,6795506324278,6795506324364,6795506324364,6795506333211,16.41,16.48,1.25,0.000,0.88
2328,6795506482985,6795506486202,6795506486272,6795506486272,6795506495832,16.23,16.26,1.28,0.000,0.96
2329,6795506646353,6795506649502,6795506649695,6795506649695,6795506661643,16.34,16.58,1.53,0.000,1.19
2330,6795506809602,6795506812830,6795506812913,6795506812913,6795506822422,16.32,16.08,1.28,0.000,0.95
2331,6795506972038,6795506974871,6795506974944,6795506974944,6795506983835,16.24,16.14,1.18,0.000,0.89
2332,6795507135662,6795507138545,6795507138613,6795507138613,6795507147394,16.36,16.36,1.17,0.000,0.88
2333,6795507298707,6795507302399,6795507302492,6795507302492,6795507312879,16.30,16.55,1.42,0.000,1.04
2334,6795507461930,6795507464659,6795507464729,6795507464729,6795507473713,16.32,16.08,1.18,0.000,0.90
2335,6795507623730,6795507626677,6795507626773,6795507626773,6795507634781,16.18,16.11,1.11,0.000,0.80
2336,6795507787339,6795507790525,6795507790617,6795507790617,6795507801590,16.36,16.68,1.43,0.000,1.10
2337,6795507951293,6795507954636,6795507954728,6795507954728,6795507963440,16.40,16.18,1.21,0.000,0.87
2338,6795508113927,6795508116957,6795508117048,6795508117048,6795508125924,16.26,16.25,1.20,0.000,0.89
2339,6795508282157,6795508286626,6795508286728,6795508286728,6795508303042,16.82,17.71,2.09,0.000,1.63
2340,6795508441078,6795508444409,6795508444521,6795508444521,6795508454060,15.89,15.10,1.30,0.000,0.95
2341,6795508605828,6795508609221,6795508609327,6795508609327,6795508617896,16.48,16.38,1.21,0.000,0.86
2342,6795508768643,6795508772184,6795508772264,6795508772264,6795508780697,16.28,16.28,1.21,0.000,0.84
2343,6795508931238,6795508934683,6795508934770,6795508934770,6795508942733,16.26,16.20,1.15,0.000,0.80
2344,6795509093906,6795509098366,6795509098476,6795509098476,6795509107896,16.27,16.52,1.40,0.000,0.94
2345,6795509257460,6795509260787,6795509260874,6795509260874,6795509268568,16.36,16.07,1.11,0.000,0.77
2346,6795509420762,6795509424610,6795509424690,6795509424690,6795509436736,16.33,16.82,1.60,0.000,1.20
2347,6795509583447,6795509586608,6795509586697,6795509586697,6795509595609,16.27,15.89,1.22,0.000,0.89
2348,6795509746916,6795509750163,6795509750237,6795509750237,6795509759519,16.35,16.39,1.26,0.000,0.93
2349,6795509912211,6795509916115,6795509916208,6795509916208,6795509926355,16.53,16.68,1.41,0.000,1.01
2350,6795510073488,6795510077591,6795510077696,6795510077696,6795510087692,16.13,16.13,1.42,0.000,1.00
2351,6795510237414,6795510242726,6795510242825,6795510242825,6795510251701,16.39,16.40,1.43,0.000,0.89
2352,6795510399453,6795510404231,6795510404358,6795510404358,6795510415808,16.20,16.41,1.64,0.000,1.15
2353,6795510562220,6795510565451,6795510565522,6795510565522,6795510578803,16.28,16.30,1.66,0.000,1.33
2354,6795510725513,6795510728729,6795510728823,6795510728823,6795510737661,16.33,15.89,1.21,0.000,0.88
2355,6795510887015,6795510890106,6795510890197,6795510890197,6795510899648,16.15,16.20,1.26,0.000,0.95
2356,6795511050351,6795511053456,6795511053520,6795511053520,6795511062262,16.33,16.26,1.19,0.000,0.87
2357,6795511215702,6795511218775,6795511218854,6795511218854,6795511227461,16.54,16.52,1.18,0.000,0.86
2358,6795511377001,6795511380178,6795511380278,6795511380278,6795511388724,16.13,16.13,1.17,0.000,0.84
2359,6795511538893,6795511541866,6795511541929,6795511541929,6795511550286,16.19,16.16,1.14,0.000,0.84
2360,6795511704465,6795511708490,6795511708596,6795511708596,6795511717765,16.56,16.75,1.33,0.000,0.92
2361,6795511865349,6795511868712,6795511868792,6795511868792,6795511879026,16.09,16.13,1.37,0.000,1.02
2362,6795512029192,6795512032378,6795512032480,6795512032480,6795512040522,16.38,16.15,1.13,0.000,0.80
2363,6795512191727,6795512194898,6795512194993,6795512194993,6795512205162,16.25,16.46,1.34,0.000,1.02
2364,6795512354687,6795512357601,6795512357698,6795512357698,6795512366495,16.30,16.13,1.18,0.000,0.88
2365,6795512520552,6795512524153,6795512524236,6795512524236,6795512532017,16.59,16.55,1.15,0.000,0.78
2366,6795512682681,6795512686352,6795512686437,6795512686437,6795512695257,16.21,16.32,1.26,0.000,0.88
2367,6795512844982,6795512848326,6795512848417,6795512848417,6795512856448,16.23,16.12,1.15,0.000,0.80
2368,6795513009214,6795513012997,6795513013091,6795513013091,6795513021589,16.42,16.51,1.24,0.000,0.85
2369,6795513170729,6795513173948,6795513174029,6795513174029,6795513183026,16.15,16.14,1.23,0.000,0.90
2370,6795513333434,6795513336417,6795513336487,6795513336487,6795513345523,16.27,16.25,1.21,0.000,0.90
2371,6795513497149,6795513501176,6795513501269,6795513501269,6795513510957,16.37,16.54,1.38,0.000,0.97
2372,6795513660812,6795513664082,6795513664160,6795513664160,6795513672981,16.37,16.20,1.22,0.000,0.88
2373,6795513823948,6795513827619,6795513827705,6795513827705,6795513836426,16.31,16.34,1.25,0.000,0.87
2374,6795513986548,6795513990024,6795513990136,6795513990136,6795514000709,16.26,16.43,1.42,0.000,1.06
2375,6795514150836,6795514154655,6795514154718,6795514154718,6795514164620,16.43,16.39,1.38,0.000,0.99
2376,6795514313611,6795514317553,6795514317681,6795514317681,6795514327648,16.28,16.30,1.40,0.000,1.00
2377,6795514475520,6795514478313,6795514478382,6795514478382,6795514487153,16.19,15.95,1.16,0.000,0.88
2378,6795514638748,6795514642141,6795514642241,6795514642241,6795514651086,16.32,16.39,1.23,0.000,0.88
2379,6795514803301,6795514807452,6795514807567,6795514807567,6795514817973,16.46,16.69,1.47,0.000,1.04
2380,6795514964252,6795514967389,6795514967459,6795514967459,6795514976332,16.10,15.84,1.21,0.000,0.89
2381,6795515128694,6795515131720,6795515131813,6795515131813,6795515140478,16.44,16.41,1.18,0.000,0.87
2382,6795515291223,6795515294327,6795515294853,6795515294853,6795515305696,16.25,16.52,1.45,0.000,1.08
2383,6795515454427,6795515457699,6795515457778,6795515457778,6795515466535,16.32,16.08,1.21,0.000,0.88
2384,6795515618802,6795515622231,6795515622304,6795515622304,6795515631739,16.44,16.52,1.29,0.000,0.94
2385,6795515781139,6795515783967,6795515784051,6795515784051,6795515793011,16.23,16.13,1.19,0.000,0.90
2386,6795515943459,6795515946464,6795515946559,6795515946559,6795515956496,16.23,16.35,1.30,0.000,0.99
2387,6795516108085,6795516111534,6795516111640,6795516111640,6795516120798,16.46,16.43,1.27,0.000,0.92
2388,6795516271518,6795516274675,6795516274739,6795516274739,6795516283092,16.34,16.23,1.16,0.000,0.84
2389,6795516433052,6795516435893,6795516435969,6795516435969,6795516444467,16.15,16.14,1.14,0.000,0.85
2390,6795516599032,6795516604231,6795516604320,6795516604320,6795516614774,16.60,17.03,1.57,0.000,1.05
2391,6795516758992,6795516762190,6795516762288,6795516762288,6795516771212,16.00,15.64,1.22,0.000,0.89
2392,6795516923147,6795516926523,6795516926634,6795516926634,6795516935492,16.42,16.43,1.23,0.000,0.89
2393,6795517085015,6795517087715,6795517087779,6795517087779,6795517096590,16.19,16.11,1.16,0.000,0.88
2394,6795517248542,6795517251280,6795517251349,6795517251349,6795517260042,16.35,16.35,1.15,0.000,0.87
2395,6795517412996,6795517416252,6795517416374,6795517416374,6795517425302,16.45,16.53,1.23,0.000,0.89
2396,6795517574936,6795517577816,6795517577884,6795517577884,6795517587190,16.19,16.19,1.23,0.000,0.93
2397,6795517740774,6795517745367,6795517745445,6795517745445,6795517757389,16.58,17.02,1.66,0.000,1.19
2398,6795517902928,6795517907214,6795517907289,6795517907289,6795517919634,16.22,16.22,1.67,0.000,1.23
2399,6795518064616,6795518069090,6795518069185,6795518069185,6795518079766,16.17,16.01,1.51,0.000,1.06
2400,6795518226672,6795518229672,6795518229768,6795518229768,6795518238787,16.21,15.90,1.21,0.000,0.90
2401,6795518390494,6795518393501,6795518393584,6795518393584,6795518402534,16.38,16.37,1.20,0.000,0.90
2402,6795518553671,6795518556776,6795518556861,6795518556861,6795518566280,16.32,16.37,1.26,0.000,0.94
2403,6795518716636,6795518719987,6795518720050,6795518720050,6795518728970,16.30,16.27,1.23,0.000,0.89
2404,6795518879789,6795518882713,6795518882773,6795518882773,6795518891527,16.32,16.26,1.17,0.000,0.88
2405,6795519042657,6795519045582,6795519045655,6795519045655,6795519053748,16.29,16.22,1.11,0.000,0.81
2406,6795519206894,6795519210423,6795519210500,6795519210500,6795519219457,16.42,16.57,1.26,0.000,0.90
2407,6795519368597,6795519371424,6795519371524,6795519371524,6795519379491,16.17,16.00,1.09,0.000,0.80
2408,6795519533289,6795519537409,6795519537475,6795519537475,6795519545498,16.47,16.60,1.22,0.000,0.80
2409,6795519697310,6795519702371,6795519702450,6795519702450,6795519712222,16.40,16.67,1.49,0.000,0.98
2410,6795519857877,6795519860728,6795519860804,6795519860804,6795519869652,16.06,15.74,1.18,0.000,0.88
2411,6795520022114,6795520025198,6795520025277,6795520025277,6795520035056,16.42,16.54,1.29,0.000,0.98
2412,6795520184685,6795520187713,6795520187779,6795520187779,6795520197160,16.26,16.21,1.25,0.000,0.94
2413,6795520347513,6795520350507,6795520350608,6795520350608,6795520359263,16.28,16.21,1.18,0.000,0.87
2414,6795520512225,6795520515330,6795520515421,6795520515421,6795520525158,16.47,16.59,1.29,0.000,0.97
2415,6795520673704,6795520676636,6795520676715,6795520676715,6795520685670,16.15,16.05,1.20,0.000,0.90
2416,6795520836509,6795520839313,6795520839376,6795520839376,6795520848131,16.28,16.25,1.16,0.000,0.88
2417,6795521003529,6795521008564,6795521008637,6795521008637,6795521018031,16.70,16.99,1.45,0.000,0.94
2418,6795521163927,6795521166770,6795521166831,6795521166831,6795521176187,16.04,15.82,1.23,0.000,0.94
2419,6795521327789,6795521331440,6795521331545,6795521331545,6795521342387,16.39,16.62,1.46,0.000,1.08
2420,6795521492470,6795521496383,6795521496503,6795521496503,6795521506719,16.47,16.43,1.42,0.000,1.02
2421,6795521656023,6795521660383,6795521660475,6795521660475,6795521668595,16.36,16.19,1.26,0.000,0.81
2422,6795521816946,6795521820961,6795521821091,6795521821091,6795521831108,16.09,16.25,1.42,0.000,1.00
2423,6795521978695,6795521982172,6795521982249,6795521982249,6795521991550,16.17,16.04,1.29,0.000,0.93
2424,6795522141755,6795522145065,6795522145130,6795522145130,6795522153947,16.31,16.24,1.22,0.000,0.88
2425,6795522306620,6795522310787,6795522310880,6795522310880,6795522320041,16.49,16.61,1.34,0.000,0.92
2426,6795522467772,6795522470931,6795522471001,6795522471001,6795522479742,16.12,15.97,1.20,0.000,0.87
2427,6795522631288,6795522634084,6795522634157,6795522634157,6795522642628,16.35,16.29,1.13,0.000,0.85
2428,6795522794749,6795522797957,6795522798075,6795522798075,6795522808720,16.35,16.61,1.40,0.000,1.06
2429,6795522958178,6795522961479,6795522961565,6795522961565,6795522971732,16.34,16.30,1.36,0.000,1.02
2430,6795523122120,6795523125148,6795523125241,6795523125241,6795523134419,16.39,16.27,1.23,0.000,0.92
2431,6795523284694,6795523287744,6795523287852,6795523287852,6795523296966,16.26,16.25,1.23,0.000,0.91
2432,6795523448430,6795523451425,6795523451533,6795523451533,6795523460328,16.37,16.34,1.19,0.000,0.88
2433,6795523613095,6795523616621,6795523616734,6795523616734,6795523626135,16.47,16.58,1.30,0.000,0.94
2434,6795523773171,6795523776192,6795523776248,6795523776248,6795523785264,16.01,15.91,1.21,0.000,0.90
2435,6795523936310,6795523939371,6795523939436,6795523939436,6795523947418,16.31,16.22,1.11,0.000,0.80
2436,6795524099814,6795524103852,6795524103945,6795524103945,6795524116752,16.35,16.93,1.69,0.000,1.28
2437,6795524262603,6795524265701,6795524265788,6795524265788,6795524274303,16.28,15.76,1.17,0.000,0.85
2438,6795524428372,6795524432535,6795524432596,6795524432596,6795524442674,16.58,16.84,1.43,0.000,1.01
2439,6795524589680,6795524592907,6795524592976,6795524592976,6795524603998,16.13,16.13,1.43,0.000,1.10
2440,6795524751915,6795524754861,6795524754958,6795524754958,6795524764364,16.22,16.04,1.24,0.000,0.94
2441,6795524916755,6795524921295,6795524921417,6795524921417,6795524931263,16.48,16.69,1.45,0.000,0.98
2442,6795525079415,6795525082760,6795525082833,6795525082833,6795525091827,16.27,16.06,1.24,0.000,0.90
2443,6795525241680,6795525244402,6795525244464,6795525244464,6795525252639,16.23,16.08,1.10,0.000,0.82
2444,6795525406099,6795525409770,6795525409875,6795525409875,6795525420094,16.44,16.75,1.40,0.000,1.02
2445,6795525570030,6795525574236,6795525574320,6795525574320,6795525582413,16.39,16.23,1.24,0.000,0.81
2446,6795525730954,6795525734230,6795525734301,6795525734301,6795525746077,16.09,16.37,1.51,0.000,1.18
2447,6795525894140,6795525897516,6795525897627,6795525897627,6795525910183,16.32,16.41,1.60,0.000,1.26
2448,6795526056813,6795526060112,6795526060175,6795526060175,6795526068945,16.27,15.88,1.21,0.000,0.88
2449,6795526221366,6795526225679,6795526225761,6795526225761,6795526233700,16.46,16.48,1.23,0.000,0.79
2450,6795526384304,6795526388061,6795526388157,6795526388157,6795526396240,16.29,16.25,1.19,0.000,0.81
2451,6795526548042,6795526551819,6795526551902,6795526551902,6795526559624,16.37,16.34,1.16,0.000,0.77
2452,6795526712428,6795526715980,6795526716056,6795526716056,6795526724871,16.44,16.52,1.24,0.000,0.88
2453,6795526873180,6795526876109,6795526876204,6795526876204,6795526884569,16.08,15.97,1.14,0.000,0.84
2454,6795527035851,6795527038845,6795527038924,6795527038924,6795527048005,16.27,16.34,1.22,0.000,0.91
2455,6795527200098,6795527204442,6795527204561,6795527204561,6795527213335,16.42,16.53,1.32,0.000,0.88
2456,6795527362362,6795527365247,6795527365328,6795527365328,6795527373679,16.23,16.03,1.13,0.000,0.84
2457,6795527525142,6795527528213,6795527528292,6795527528292,6795527536516,16.28,16.28,1.14,0.000,0.82
2458,6795527688439,6795527691972,6795527692052,6795527692052,6795527701074,16.33,16.46,1.26,0.000,0.90
2459,6795527852037,6795527855407,6795527855501,6795527855501,6795527864275,16.36,16.32,1.22,0.000,0.88
2460,6795528016525,6795528020436,6795528020524,6795528020524,6795528030032,16.45,16.58,1.35,0.000,0.95
2461,6795528182819,6795528189417,6795528189560,6795528189560,6795528205048,16.63,17.50,2.22,0.000,1.55
2462,6795528346910,6795528351676,6795528351832,6795528351832,6795528364740,16.41,15.97,1.78,0.000,1.29
2463,6795528511299,6795528517339,6795528517451,6795528517451,6795528526880,16.44,16.21,1.56,0.000,0.94
2464,6795528668523,6795528671867,6795528671957,6795528671957,6795528679750,15.72,15.29,1.12,0.000,0.78
2465,6795528830070,6795528832911,6795528832972,6795528832972,6795528841450,16.15,16.17,1.14,0.000,0.85
2466,6795528993658,6795528996527,6795528996597,6795528996597,6795529006934,16.36,16.55,1.33,0.000,1.03
2467,6795529156465,6795529159479,6795529159594,6795529159594,6795529168161,16.28,16.12,1.17,0.000,0.86
2468,6795529320058,6795529323554,6795529323642,6795529323642,6795529336185,16.36,16.80,1.61,0.000,1.25
2469,6795529482584,6795529485339,6795529485394,6795529485394,6795529494630,16.25,15.84,1.20,0.000,0.92
2470,6795529645608,6795529648601,6795529648665,6795529648665,6795529659918,16.30,16.53,1.43,0.000,1.13
2471,6795529813010,6795529817171,6795529817285,6795529817285,6795529826510,16.74,16.66,1.35,0.000,0.92
2472,6795529971939,6795529975129,6795529975209,6795529975209,6795529984409,15.89,15.79,1.25,0.000,0.92
2473,6795530134883,6795530138201,6795530138283,6795530138283,6795530146931,16.29,16.25,1.20,0.000,0.86
2474,6795530298719,6795530302422,6795530302511,6795530302511,6795530312638,16.38,16.57,1.39,0.000,1.01
2475,6795530462129,6795530465577,6795530465645,6795530465645,6795530474602,16.34,16.20,1.25,0.000,0.90
2476,6795530624370,6795530628233,6795530628305,6795530628305,6795530638421,16.22,16.38,1.41,0.000,1.01
2477,6795530787678,6795530790640,6795530790715,6795530790715,6795530799764,16.33,16.13,1.21,0.000,0.90
2478,6795530950274,6795530953061,6795530953124,6795530953124,6795530961712,16.26,16.19,1.14,0.000,0.86
2479,6795531114724,6795531117816,6795531117892,6795531117892,6795531127128,16.45,16.54,1.24,0.000,0.92
2480,6795531276511,6795531279247,6795531279322,6795531279322,6795531288043,16.18,16.09,1.15,0.000,0.87
2481,6795531440130,6795531443269,6795531443351,6795531443351,6795531452201,16.36,16.42,1.21,0.000,0.89
2482,6795531604202,6795531607930,6795531608034,6795531608034,6795531619498,16.41,16.73,1.53,0.000,1.15
2483,6795531766103,6795531769344,6795531769468,6795531769468,6795531778865,16.19,15.94,1.28,0.000,0.94
2484,6795531931238,6795531934961,6795531935080,6795531935080,6795531946858,16.51,16.80,1.56,0.000,1.18
2485,6795532093737,6795532096847,6795532096920,6795532096920,6795532106351,16.25,15.95,1.26,0.000,0.94
2486,6795532257753,6795532261778,6795532261895,6795532261895,6795532275539,16.40,16.92,1.78,0.000,1.36
2487,6795532419954,6795532424237,6795532424331,6795532424331,6795532435803,16.22,16.03,1.58,0.000,1.15
2488,6795532582482,6795532585539,6795532585628,6795532585628,6795532596179,16.25,16.04,1.37,0.000,1.06
2489,6795532745132,6795532748061,6795532748271,6795532748271,6795532757413,16.27,16.12,1.23,0.000,0.91
2490,6795532910471,6795532915754,6795532915808,6795532915808,6795532928144,16.53,17.07,1.77,0.000,1.23
2491,6795533071840,6795533075259,6795533075345,6795533075345,6795533084272,16.14,15.61,1.24,0.000,0.89
2492,6795533235106,6795533238435,6795533238497,6795533238497,6795533247858,16.33,16.36,1.28,0.000,0.94
2493,6795533397714,6795533401953,6795533402054,6795533402054,6795533415042,16.26,16.72,1.73,0.000,1.30
2494,6795533560688,6795533564583,6795533564678,6795533564678,6795533575523,16.30,16.05,1.48,0.000,1.08
2495,6795533724308,6795533727359,6795533727437,6795533727437,6795533736103,16.36,16.06,1.18,0.000,0.87
2496,6795533886656,6795533889493,6795533889563,6795533889563,6795533898632,16.23,16.25,1.20,0.000,0.91
2497,6795534050871,6795534053660,6795534053730,6795534053730,6795534061960,16.42,16.33,1.11,0.000,0.82
2498,6795534215058,6795534218391,6795534218469,6795534218469,6795534227447,16.42,16.55,1.24,0.000,0.90
2499,6795534376067,6795534379105,6795534379173,6795534379173,6795534387553,16.10,16.01,1.15,0.000,0.84
2500,6795534538915,6795534541856,6795534541929,6795534541929,6795534550629,16.28,16.31,1.17,0.000,0.87
2501,6795534702873,6795534706476,6795534706561,6795534706561,6795534716633,16.40,16.60,1.38,0.000,1.01
2502,6795534866011,6795534869059,6795534869145,6795534869145,6795534877673,16.31,16.10,1.17,0.000,0.85
2503,6795535028908,6795535031762,6795535031827,6795535031827,6795535040195,16.29,16.25,1.13,0.000,0.84
2504,6795535192508,6795535196519,6795535196615,6795535196615,6795535208750,16.36,16.86,1.62,0.000,1.21
2505,6795535354755,6795535357734,6795535357979,6795535357979,6795535366922,16.22,15.82,1.22,0.000,0.89
2506,6795535519041,6795535522900,6795535522992,6795535522992,6795535532366,16.43,16.54,1.33,0.000,0.94
2507,6795535681258,6795535684249,6795535684353,6795535684353,6795535693652,16.22,16.13,1.24,0.000,0.93
2508,6795535844259,6795535847025,6795535847093,6795535847093,6795535855508,16.30,16.19,1.12,0.000,0.84
2509,6795536009395,6795536013340,6795536013444,6795536013444,6795536021842,16.51,16.63,1.24,0.000,0.84
2510,6795536170307,6795536173047,6795536173136,6795536173136,6795536181591,16.09,15.97,1.13,0.000,0.85
2511,6795536333743,6795536336595,6795536336694,6795536336694,6795536344946,16.34,16.34,1.12,0.000,0.83
2512,6795536497261,6795536500408,6795536500495,6795536500495,6795536510438,16.35,16.55,1.32,0.000,0.99
2513,6795536662999,6795536666533,6795536666614,6795536666614,6795536675173,16.57,16.47,1.22,0.000,0.86
2514,6795536824553,6795536827295,6795536827370,6795536827370,6795536836552,16.16,16.14,1.20,0.000,0.92
2515,6795536986596,6795536990349,6795536990421,6795536990421,6795536998362,16.20,16.18,1.18,0.000,0.79
2516,6795537149533,6795537152925,6795537152998,6795537152998,6795537162208,16.29,16.38,1.27,0.000,0.92
2517,6795537314569,6795537317988,6795537318066,6795537318066,6795537327047,16.50,16.48,1.25,0.000,0.90
2518,6795537476253,6795537479638,6795537479720,6795537479720,6795537488553,16.17,16.15,1.23,0.000,0.88
2519,6795537638249,6795537641278,6795537641377,6795537641377,6795537650671,16.20,16.21,1.24,0.000,0.93
2520,6795537801579,6795537805410,6795537805515,6795537805515,6795537815266,16.33,16.46,1.37,0.000,0.98
2521,6795537964863,6795537967726,6795537967848,6795537967848,6795537976216,16.33,16.09,1.14,0.000,0.84
2522,6795538128591,6795538131549,6795538131634,6795538131634,6795538140444,16.37,16.42,1.19,0.000,0.88
2523,6795538296962,6795538304182,6795538304243,6795538304243,6795538319193,16.84,17.87,2.22,0.000,1.50
2524,6795538467210,6795538471717,6795538471808,6795538471808,6795538480892,17.02,16.17,1.37,0.000,0.91
2525,6795538619626,6795538623264,6795538623354,6795538623354,6795538632319,15.24,15.14,1.27,0.000,0.90
2526,6795538780383,6795538783285,6795538783357,6795538783357,6795538791957,16.08,15.96,1.16,0.000,0.86
2527,6795538943669,6795538946508,6795538946547,6795538946547,6795538954833,16.33,16.29,1.12,0.000,0.83
2528,6795539107658,6795539111948,6795539112010,6795539112010,6795539121853,16.40,16.70,1.42,0.000,0.98
2529,6795539270010,6795539272794,6795539272877,6795539272877,6795539281412,16.24,15.96,1.14,0.000,0.85
2530,6795539434299,6795539437402,6795539437468,6795539437468,6795539446429,16.43,16.50,1.21,0.000,0.90
2531,6795539596353,6795539599469,6795539599568,6795539599568,6795539609654,16.21,16.32,1.33,0.000,1.01
2532,6795539759616,6795539762993,6795539763071,6795539763071,6795539772046,16.33,16.24,1.24,0.000,0.90
2533,6795539922872,6795539926102,6795539926149,6795539926149,6795539934552,16.33,16.25,1.17,0.000,0.84
2534,6795540085862,6795540088615,6795540088681,6795540088681,6795540098629,16.30,16.41,1.28,0.000,0.99
2535,6795540252155,6795540256243,6795540256316,6795540256316,6795540266206,16.63,16.76,1.41,0.000,0.99
2536,6795540415075,6795540419255,6795540419362,6795540419362,6795540429469,16.29,16.33,1.44,0.000,1.01
2537,6795540577804,6795540581646,6795540581777,6795540581777,6795540590889,16.27,16.14,1.31,0.000,0.91
2538,6795540740883,6795540745499,6795540745601,6795540745601,6795540754835,16.31,16.39,1.40,0.000,0.92
2539,6795540903912,6795540908684,6795540908793,6795540908793,6795540922143,16.30,16.73,1.82,0.000,1.33
2540,6795541065056,6795541069044,6795541069133,6795541069133,6795541083166,16.11,16.10,1.81,0.000,1.40
2541,6795541228515,6795541231644,6795541231726,6795541231726,6795541240480,16.35,15.73,1.20,0.000,0.88
2542,6795541391814,6795541394728,6795541394945,6795541394945,6795541411741,16.33,17.13,1.99,0.000,1.68
2543,6795541553993,6795541557350,6795541557428,6795541557428,6795541567371,16.22,15.56,1.34,0.000,0.99
2544,6795541718469,6795541721984,6795541722074,6795541722074,6795541731493,16.45,16.41,1.30,0.000,0.94
2545,6795541880994,6795541883800,6795541883871,6795541883871,6795541892033,16.25,16.05,1.10,0.000,0.82
2546,6795542043063,6795542046120,6795542046192,6795542046192,6795542055137,16.21,16.31,1.21,0.000,0.89
2547,6795542207883,6795542211427,6795542211505,6795542211505,6795542221697,16.48,16.66,1.38,0.000,1.02
2548,6795542369981,6795542372758,6795542372824,6795542372824,6795542381418,16.21,15.97,1.14,0.000,0.86
2549,6795542532452,6795542535551,6795542535621,6795542535621,6795542543966,16.25,16.25,1.15,0.000,0.83
2550,6795542695462,6795542698608,6795542698669,6795542698669,6795542708373,16.30,16.44,1.29,0.000,0.97
2551,6795542858657,6795542861800,6795542861873,6795542861873,6795542870348,16.32,16.20,1.17,0.000,0.85
2552,6795543022542,6795543025788,6795543025856,6795543025856,6795543034313,16.39,16.40,1.18,0.000,0.85
2553,6795543186840,6795543190626,6795543190705,6795543190705,6795543199355,16.43,16.50,1.25,0.000,0.86
2554,6795543348758,6795543351942,6795543352007,6795543352007,6795543360719,16.19,16.14,1.20,0.000,0.87
2555,6795543512672,6795543516559,6795543516625,6795543516625,6795543526235,16.39,16.55,1.36,0.000,0.96
2556,6795543674934,6795543678028,6795543678112,6795543678112,6795543687341,16.23,16.11,1.24,0.000,0.92
2557,6795543838213,6795543841907,6795543841979,6795543841979,6795543850802,16.33,16.35,1.26,0.000,0.88
2558,6795544001817,6795544005335,6795544005438,6795544005438,6795544015939,16.36,16.51,1.41,0.000,1.05
2559,6795544168690,6795544173214,6795544173282,6795544173282,6795544182067,16.69,16.61,1.34,0.000,0.88
2560,6795544330575,6795544334620,6795544334707,6795544334707,6795544342805,16.19,16.07,1.22,0.000,0.81
2561,6795544492237,6795544495944,6795544496012,6795544496012,6795544511688,16.17,16.89,1.95,0.000,1.57
2562,6795544655843,6795544660294,6795544660391,6795544660391,6795544668557,16.36,15.69,1.27,0.000,0.82
2563,6795544817850,6795544821452,6795544821603,6795544821603,6795544831803,16.20,16.32,1.40,0.000,1.02
2564,6795544979896,6795544983119,6795544983204,6795544983204,6795544995647,16.20,16.38,1.58,0.000,1.24
2565,6795545142598,6795545145714,6795545145791,6795545145791,6795545154471,16.27,15.88,1.19,0.000,0.87
2566,6795545306083,6795545309783,6795545309871,6795545309871,6795545320433,16.35,16.60,1.44,0.000,1.06
2567,6795545469203,6795545472158,6795545472236,6795545472236,6795545482529,16.31,16.21,1.33,0.000,1.03
2568,6795545633776,6795545637903,6795545637962,6795545637962,6795545647049,16.46,16.45,1.33,0.000,0.91
2569,6795545795775,6795545799130,6795545799244,6795545799244,6795545810837,16.20,16.38,1.51,0.000,1.16
2570,6795545958330,6795545961524,6795545961829,6795545961829,6795545972206,16.26,16.14,1.39,0.000,1.04
2571,6795546122926,6795546126744,6795546126843,6795546126843,6795546136144,16.46,16.39,1.32,0.000,0.93
2572,6795546284697,6795546287840,6795546287942,6795546287942,6795546296927,16.18,16.08,1.22,0.000,0.90
2573,6795546447716,6795546450794,6795546450867,6795546450867,6795546459339,16.30,16.24,1.16,0.000,0.85
2574,6795546612126,6795546616574,6795546616632,6795546616632,6795546626960,16.44,16.76,1.48,0.000,1.03
2575,6795546774043,6795546777205,6795546777280,6795546777280,6795546785475,16.19,15.85,1.14,0.000,0.82
2576,6795546938583,6795546941583,6795546941660,6795546941660,6795546950531,16.45,16.51,1.19,0.000,0.89
2577,6795547101147,6795547105110,6795547105209,6795547105209,6795547116434,16.26,16.59,1.53,0.000,1.12
2578,6795547265107,6795547269105,6795547269192,6795547269192,6795547278650,16.40,16.22,1.35,0.000,0.95
2579,6795547428671,6795547432247,6795547432343,6795547432343,6795547442281,16.36,16.36,1.36,0.000,0.99
2580,6795547589204,6795547592072,6795547592183,6795547592183,6795547601248,16.05,15.90,1.20,0.000,0.91
2581,6795547752475,6795547755426,6795547755476,6795547755476,6795547764488,16.33,16.32,1.20,0.000,0.90
2582,6795547917852,6795547921932,6795547921996,6795547921996,6795547931876,16.54,16.74,1.40,0.000,0.99
2583,6795548078580,6795548081539,6795548081619,6795548081619,6795548090130,16.07,15.83,1.16,0.000,0.85
2584,6795548246844,6795548251497,6795548251576,6795548251576,6795548264388,16.83,17.43,1.75,0.000,1.28
2585,6795548407927,6795548412176,6795548412306,6795548412306,6795548425536,16.11,16.11,1.76,0.000,1.32
2586,6795548569208,6795548573127,6795548573430,6795548573430,6795548584721,16.13,15.92,1.55,0.000,1.13
2587,6795548731376,6795548734773,6795548734858,6795548734858,6795548744749,16.22,16.00,1.34,0.000,0.99
2588,6795548896393,6795548900501,6795548900595,6795548900595,6795548913135,16.50,16.84,1.67,0.000,1.25
2589,6795549057990,6795549061373,6795549061460,6795549061460,6795549071169,16.16,15.80,1.32,0.000,0.97
2590,6795549220919,6795549223955,6795549224050,6795549224050,6795549233517,16.29,16.23,1.26,0.000,0.95
2591,6795549383812,6795549386634,6795549386734,6795549386734,6795549397299,16.29,16.38,1.35,0.000,1.06
2592,6795549546965,6795549550254,6795549550323,6795549550323,6795549559331,16.32,16.20,1.24,0.000,0.90
2593,6795549712585,6795549716514,6795549716633,6795549716633,6795549726703,16.56,16.74,1.41,0.000,1.01
2594,6795549875663,6795549879016,6795549879100,6795549879100,6795549889243,16.31,16.25,1.36,0.000,1.01
2595,6795550036798,6795550040709,6795550040832,6795550040832,6795550050609,16.11,16.14,1.38,0.000,0.98
2596,6795550204242,6795550209079,6795550209170,6795550209170,6795550221863,16.74,17.13,1.76,0.000,1.27
2597,6795550366431,6795550371922,6795550372037,6795550372037,6795550381320,16.22,15.95,1.49,0.000,0.93
2598,6795550528148,6795550531555,6795550531668,6795550531668,6795550541540,16.17,16.02,1.34,0.000,0.99
2599,6795550690692,6795550694483,6795550694566,6795550694566,6795550705844,16.25,16.43,1.52,0.000,1.13
2600,6795550853419,6795550856841,6795550857004,6795550857004,6795550868380,16.27,16.25,1.50,0.000,1.14
2601,6795551016650,6795551020987,6795551021097,6795551021097,6795551031168,16.32,16.28,1.45,0.000,1.01
2602,6795551180328,6795551184363,6795551184454,6795551184454,6795551194754,16.37,16.36,1.44,0.000,1.03
2603,6795551341810,6795551345026,6795551345109,6795551345109,6795551353600,16.15,15.88,1.18,0.000,0.85
2604,6795551505510,6795551509754,6795551509803,6795551509803,6795551520018,16.37,16.64,1.45,0.000,1.02
2605,6795551668139,6795551671237,6795551671313,6795551671313,6795551680753,16.26,16.07,1.26,0.000,0.94
2606,6795551831565,6795551834373,6795551834460,6795551834460,6795551843405,16.34,16.27,1.18,0.000,0.89
2607,6795551994713,6795551997865,6795551997937,6795551997937,6795552014214,16.31,17.08,1.95,0.000,1.63
2608,6795552157404,6795552160408,6795552160487,6795552160487,6795552168763,16.27,15.45,1.14,0.000,0.83
2609,6795552321196,6795552324562,6795552324637,6795552324637,6795552333671,16.38,16.49,1.25,0.000,0.90
2610,6795552483207,6795552486436,6795552486562,6795552486562,6795552497348,16.20,16.37,1.41,0.000,1.08
2611,6795552646580,6795552649766,6795552649900,6795552649900,6795552659130,16.34,16.18,1.25,0.000,0.92
2612,6795552811218,6795552815125,6795552815194,6795552815194,6795552824708,16.46,16.56,1.35,0.000,0.95
2613,6795552973114,6795552976338,6795552976421,6795552976421,6795552985440,16.19,16.07,1.23,0.000,0.90
2614,6795553135371,6795553138153,6795553138216,6795553138216,6795553147188,16.23,16.17,1.18,0.000,0.90
2615,6795553299729,6795553302601,6795553302695,6795553302695,6795553312210,16.44,16.50,1.25,0.000,0.95
2616,6795553463860,6795553467642,6795553467713,6795553467713,6795553476392,16.41,16.42,1.25,0.000,0.87
2617,6795553625305,6795553628293,6795553628375,6795553628375,6795553636233,16.14,15.98,1.09,0.000,0.79
2618,6795553788105,6795553791384,6795553791499,6795553791499,6795553800654,16.28,16.44,1.25,0.000,0.92
2619,6795553951379,6795553954277,6795553954362,6795553954362,6795553962850,16.33,16.22,1.15,0.000,0.85
2620,6795554115483,6795554118738,6795554118830,6795554118830,6795554127981,16.41,16.51,1.25,0.000,0.92
2621,6795554278481,6795554282021,6795554282111,6795554282111,6795554292288,16.30,16.43,1.38,0.000,1.02
2622,6795554441732,6795554444798,6795554444893,6795554444893,6795554453685,16.33,16.14,1.20,0.000,0.88
2623,6795554604355,6795554608426,6795554608514,6795554608514,6795554619201,16.26,16.55,1.48,0.000,1.07
2624,6795554768844,6795554773015,6795554773092,6795554773092,6795554782021,16.45,16.28,1.32,0.000,0.89
2625,6795554930699,6795554934067,6795554934145,6795554934145,6795554943034,16.19,16.10,1.23,0.000,0.89
2626,6795555092899,6795555096395,6795555096470,6795555096470,6795555112445,16.22,16.94,1.95,0.000,1.60
2627,6795555256479,6795555259750,6795555259883,6795555259883,6795555269097,16.36,15.67,1.26,0.000,0.92
2628,6795555422390,6795555426078,6795555426167,6795555426167,6795555436920,16.59,16.78,1.45,0.000,1.08
2629,6795555582242,6795555585457,6795555585608,6795555585608,6795555595038,15.99,15.81,1.28,0.000,0.94
2630,6795555745983,6795555748976,6795555749043,6795555749043,6795555757583,16.37,16.25,1.16,0.000,0.85
2631,6795555909795,6795555913292,6795555913378,6795555913378,6795555923535,16.38,16.60,1.37,0.000,1.02
2632,6795556075570,6795556079390,6795556079480,6795556079480,6795556088039,16.58,16.45,1.25,0.000,0.86
2633,6795556235582,6795556238851,6795556238944,6795556238944,6795556248175,16.00,16.01,1.26,0.000,0.92
2634,6795556398254,6795556401205,6795556401288,6795556401288,6795556413665,16.27,16.55,1.54,0.000,1.24
2635,6795556561400,6795556564507,6795556564573,6795556564573,6795556573495,16.31,15.98,1.21,0.000,0.89
2636,6795556724591,6795556727622,6795556727687,6795556727687,6795556737064,16.32,16.36,1.25,0.000,0.94
2637,6795556887592,6795556890977,6795556891047,6795556891047,6795556899604,16.30,16.25,1.20,0.000,0.86
2638,6795557054106,6795557058836,6795557058928,6795557058928,6795557070960,16.65,17.14,1.69,0.000,1.20
2639,6795557216524,6795557220427,6795557220506,6795557220506,6795557229685,16.24,15.87,1.32,0.000,0.92
2640,6795557376469,6795557379550,6795557379628,6795557379628,6795557388604,15.99,15.89,1.21,0.000,0.90
2641,6795557540161,6795557543018,6795557543080,6795557543080,6795557551513,16.37,16.29,1.14,0.000,0.84
2642,6795557703248,6795557706958,6795557707037,6795557707037,6795557716655,16.31,16.51,1.34,0.000,0.96
2643,6795557865907,6795557869924,6795557869994,6795557869994,6795557879142,16.27,16.25,1.32,0.000,0.91
2644,6795558029293,6795558032168,6795558032237,6795558032237,6795558040567,16.34,16.14,1.13,0.000,0.83
2645,6795558195394,6795558199272,6795558199356,6795558199356,6795558210302,16.61,16.97,1.49,0.000,1.09
2646,6795558356720,6795558361207,6795558361294,6795558361294,6795558369675,16.13,15.94,1.30,0.000,0.84
2647,6795558519534,6795558523435,6795558523519,6795558523519,6795558531901,16.28,16.22,1.24,0.000,0.84
2648,6795558682173,6795558685070,6795558685134,6795558685134,6795558693463,16.26,16.16,1.13,0.000,0.83
2649,6795558845047,6795558847854,6795558847920,6795558847920,6795558856312,16.29,16.28,1.13,0.000,0.84
2650,6795559007775,6795559011484,6795559011596,6795559011596,6795559020490,16.27,16.42,1.27,0.000,0.89
2651,6795559171613,6795559174585,6795559174648,6795559174648,6795559183677,16.38,16.32,1.21,0.000,0.90
2652,6795559334665,6795559337458,6795559337510,6795559337510,6795559345962,16.31,16.23,1.13,0.000,0.85
2653,6795559497630,6795559500405,6795559500481,6795559500481,6795559513815,16.30,16.79,1.62,0.000,1.33
2654,6795559660227,6795559663016,6795559663078,6795559663078,6795559671877,16.26,15.81,1.17,0.000,0.88
2655,6795559824919,6795559828493,6795559828580,6795559828580,6795559837586,16.47,16.57,1.27,0.000,0.90
2656,6795559986707,6795559990078,6795559990177,6795559990177,6795559998858,16.18,16.13,1.22,0.000,0.87
2657,6795560151050,6795560154250,6795560154324,6795560154324,6795560164111,16.43,16.53,1.31,0.000,0.98
2658,6795560313696,6795560317693,6795560317804,6795560317804,6795560327868,16.26,16.38,1.42,0.000,1.01
2659,6795560476133,6795560479181,6795560479246,6795560479246,6795560491701,16.24,16.38,1.56,0.000,1.25
2660,6795560638567,6795560641742,6795560641831,6795560641831,6795560650613,16.24,15.89,1.20,0.000,0.88
2661,6795560802405,6795560805879,6795560805979,6795560805979,6795560815753,16.38,16.51,1.33,0.000,0.98
2662,6795560966499,6795560969629,6795560969690,6795560969690,6795560978450,16.41,16.27,1.20,0.000,0.88
2663,6795561130742,6795561134075,6795561134164,6795561134164,6795561142050,16.42,16.36,1.13,0.000,0.79
2664,6795561294517,6795561298052,6795561298140,6795561298140,6795561306144,16.38,16.41,1.16,0.000,0.80
2665,6795561456536,6795561459829,6795561459909,6795561459909,6795561467472,16.20,16.13,1.09,0.000,0.76
2666,6795561618964,6795561622450,6795561622540,6795561622540,6795561631214,16.24,16.37,1.23,0.000,0.87
2667,6795561781468,6795561784567,6795561784650,6795561784650,6795561793958,16.25,16.27,1.25,0.000,0.93
2668,6795561944371,6795561947357,6795561947420,6795561947420,6795561956080,16.29,16.21,1.17,0.000,0.87
2669,6795562107606,6795562111029,6795562111143,6795562111143,6795562121449,16.32,16.54,1.38,0.000,1.03
2670,6795562269783,6795562272605,6795562272734,6795562272734,6795562282903,16.22,16.15,1.31,0.000,1.02
2671,6795562433359,6795562436219,6795562436290,6795562436290,6795562444449,16.36,16.15,1.11,0.000,0.82
2672,6795562597648,6795562600998,6795562601092,6795562601092,6795562614190,16.43,16.97,1.65,0.000,1.31
2673,6795562759254,6795562762756,6795562763572,6795562763572,6795562772237,16.16,15.80,1.30,0.000,0.87
2674,6795562924610,6795562928094,6795562928188,6795562928188,6795562936762,16.54,16.45,1.22,0.000,0.86
2675,6795563085723,6795563088547,6795563088616,6795563088616,6795563097482,16.11,16.07,1.18,0.000,0.89
2676,6795563259264,6795563263100,6795563263304,6795563263304,6795563274683,17.35,17.72,1.54,0.000,1.14
2677,6795563413516,6795563417265,6795563417390,6795563417390,6795563426799,15.43,15.21,1.33,0.000,0.94
2678,6795563576129,6795563578877,6795563579103,6795563579103,6795563588088,16.26,16.13,1.20,0.000,0.90
2679,6795563738436,6795563741763,6795563741842,6795563741842,6795563750378,16.23,16.23,1.19,0.000,0.85
2680,6795563902231,6795563906025,6795563906152,6795563906152,6795563916733,16.38,16.64,1.45,0.000,1.06
2681,6795564065563,6795564069074,6795564069159,6795564069159,6795564079104,16.33,16.24,1.35,0.000,0.99
2682,6795564229044,6795564232299,6795564232393,6795564232393,6795564241666,16.35,16.26,1.26,0.000,0.93
2683,6795564392562,6795564396003,6795564396073,6795564396073,6795564404853,16.35,16.32,1.23,0.000,0.88
2684,6795564554762,6795564558341,6795564558405,6795564558405,6795564568033,16.22,16.32,1.33,0.000,0.96
2685,6795564720065,6795564723672,6795564723754,6795564723754,6795564733686,16.53,16.57,1.36,0.000,0.99
2686,6795564880216,6795564883167,6795564883239,6795564883239,6795564891741,16.02,15.81,1.15,0.000,0.85
2687,6795565043347,6795565046138,6795565046208,6795565046208,6795565054659,16.31,16.29,1.13,0.000,0.85
2688,6795565206545,6795565210323,6795565210406,6795565210406,6795565219678,16.32,16.50,1.31,0.000,0.93
2689,6795565370616,6795565373369,6795565373439,6795565373439,6795565382110,16.41,16.24,1.15,0.000,0.87
2690,6795565533560,6795565536496,6795565536567,6795565536567,6795565545518,16.29,16.34,1.20,0.000,0.90
2691,6795565701099,6795565705980,6795565706061,6795565706061,6795565715888,16.75,17.04,1.48,0.000,0.98
2692,6795565860354,6795565863618,6795565863690,6795565863690,6795565872788,15.93,15.69,1.24,0.000,0.91
2693,6795566024088,6795566027686,6795566027792,6795566027792,6795566037984,16.37,16.52,1.39,0.000,1.02
2694,6795566185747,6795566188871,6795566188952,6795566188952,6795566198035,16.17,16.01,1.23,0.000,0.91
2695,6795566347961,6795566351019,6795566351144,6795566351144,6795566359852,16.22,16.18,1.19,0.000,0.87
2696,6795566512664,6795566516363,6795566516443,6795566516443,6795566526315,16.47,16.65,1.37,0.000,0.99
2697,6795566675480,6795566679482,6795566679563,6795566679563,6795566688015,16.28,16.17,1.25,0.000,0.85
2698,6795566839955,6795566844112,6795566844170,6795566844170,6795566852169,16.45,16.42,1.22,0.000,0.80
2699,6795567002812,6795567006915,6795567007016,6795567007016,6795567016126,16.29,16.40,1.33,0.000,0.91
2700,6795567163902,6795567166839,6795567166922,6795567166922,6795567176170,16.11,16.00,1.23,0.000,0.92
2701,6795567328858,6795567332114,6795567332197,6795567332197,6795567340787,16.50,16.46,1.19,0.000,0.86
2702,6795567490966,6795567493777,6795567494007,6795567494007,6795567503187,16.21,16.24,1.22,0.000,0.92
2703,6795567653083,6795567656223,6795567656305,6795567656305,6795567664997,16.21,16.18,1.19,0.000,0.87
2704,6795567816815,6795567820115,6795567820245,6795567820245,6795567829195,16.37,16.42,1.24,0.000,0.90
2705,6795567980072,6795567983403,6795567983514,6795567983514,6795567995350,16.33,16.62,1.53,0.000,1.18
2706,6795568142266,6795568145434,6795568145537,6795568145537,6795568155310,16.22,16.00,1.30,0.000,0.98
2707,6795568311540,6795568317948,6795568317975,6795568317975,6795568328111,16.93,17.28,1.66,0.000,1.01
2708,6795568311540,6795568317948,6795568328297,6795568328297,6795568407819,0.00,7.97,9.63,0.000,7.95
2709,6795568471303,6795568476760,6795568476833,6795568476833,6795568505696,15.98,9.79,3.44,0.000,2.89
2710,6795568631687,6795568634568,6795568634644,6795568634644,6795568643089,16.04,13.74,1.14,0.000,0.84
2711,6795568795263,6795568798007,6795568798084,6795568798084,6795568806883,16.36,16.38,1.16,0.000,0.88
2712,6795568957775,6795568960649,6795568960722,6795568960722,6795568969563,16.25,16.27,1.18,0.000,0.88
2713,6795569123210,6795569126687,6795569126783,6795569126783,6795569135549,16.54,16.60,1.23,0.000,0.88
2714,6795569284498,6795569287353,6795569287445,6795569287445,6795569297976,16.13,16.24,1.35,0.000,1.05
2715,6795569447338,6795569450360,6795569450439,6795569450439,6795569459839,16.28,16.19,1.25,0.000,0.94
2716,6795569611678,6795569615390,6795569615499,6795569615499,6795569625309,16.43,16.55,1.36,0.000,0.98
2717,6795569773809,6795569776825,6795569776902,6795569776902,6795569785877,16.21,16.06,1.21,0.000,0.90
2718,6795569936653,6795569939702,6795569939771,6795569939771,6795569948056,16.28,16.22,1.14,0.000,0.83
2719,6795570100655,6795570103418,6795570103489,6795570103489,6795570116014,16.40,16.80,1.54,0.000,1.25
2720,6795570263261,6795570266054,6795570266125,6795570266125,6795570274731,16.26,15.87,1.15,0.000,0.86
2721,6795570427517,6795570430712,6795570430784,6795570430784,6795570439429,16.43,16.47,1.19,0.000,0.86
2722,6795570589352,6795570592162,6795570592230,6795570592230,6795570600629,16.18,16.12,1.13,0.000,0.84
2723,6795570752760,6795570755647,6795570755713,6795570755713,6795570763897,16.34,16.33,1.11,0.000,0.82
2724,6795570917934,6795570921889,6795570921994,6795570921994,6795570933408,16.52,16.95,1.55,0.000,1.14
2725,6795571079917,6795571084126,6795571084229,6795571084229,6795571094867,16.20,16.15,1.50,0.000,1.06
2726,6795571242216,6795571245243,6795571245346,6795571245346,6795571254042,16.23,15.92,1.18,0.000,0.87
2727,6795571405207,6795571408719,6795571408891,6795571408891,6795571419407,16.30,16.54,1.42,0.000,1.05
2728,6795571568075,6795571571308,6795571571388,6795571571388,6795571580673,16.29,16.13,1.26,0.000,0.93
2729,6795571731984,6795571734977,6795571735072,6795571735072,6795571743300,16.39,16.26,1.13,0.000,0.82
2730,6795571894343,6795571897175,6795571897238,6795571897238,6795571906080,16.24,16.28,1.17,0.000,0.88
2731,6795572057303,6795572060580,6795572060668,6795572060668,6795572069418,16.30,16.33,1.21,0.000,0.88
2732,6795572221270,6795572224408,6795572224475,6795572224475,6795572233819,16.40,16.44,1.25,0.000,0.93
2733,6795572383849,6795572386582,6795572386646,6795572386646,6795572394723,16.26,16.09,1.09,0.000,0.81
2734,6795572546727,6795572550165,6795572550226,6795572550226,6795572561146,16.29,16.64,1.44,0.000,1.09
2735,6795572711165,6795572714519,6795572714585,6795572714585,6795572724028,16.44,16.29,1.29,0.000,0.94
2736,6795572873171,6795572876529,6795572876597,6795572876597,6795572885368,16.20,16.13,1.22,0.000,0.88
2737,6795573036026,6795573038893,6795573038970,6795573038970,6795573047225,16.29,16.19,1.12,0.000,0.83
2738,6795573199776,6795573202929,6795573202971,6795573202971,6795573213505,16.38,16.63,1.37,0.000,1.05
2739,6795573362949,6795573365870,6795573365937,6795573365937,6795573375034,16.32,16.15,1.21,0.000,0.91
2740,6795573526641,6795573529851,6795573529965,6795573529965,6795573538910,16.37,16.39,1.23,0.000,0.89
2741,6795573689014,6795573691799,6795573691883,6795573691883,6795573700442,16.24,16.15,1.14,0.000,0.86
2742,6795573852046,6795573854976,6795573855050,6795573855050,6795573864062,16.30,16.36,1.20,0.000,0.90
2743,6795574015649,6795574018848,6795574018944,6795574018944,6795574027452,16.36,16.34,1.18,0.000,0.85
2744,6795574178882,6795574181959,6795574182051,6795574182051,6795574190582,16.32,16.31,1.17,0.000,0.85
2745,6795574341073,6795574344051,6795574344125,6795574344125,6795574352435,16.22,16.19,1.14,0.000,0.83
2746,6795574504859,6795574508376,6795574508481,6795574508481,6795574518257,16.38,16.58,1.34,0.000,0.98
2747,6795574667345,6795574670317,6795574670392,6795574670392,6795574678363,16.25,16.01,1.10,0.000,0.80
2748,6795574831197,6795574834457,6795574834530,6795574834530,6795574843114,16.39,16.48,1.19,0.000,0.86
2749,6795574994284,6795574997278,6795574997384,6795574997384,6795575006298,16.31,16.32,1.20,0.000,0.89
2750,6795575156852,6795575160104,6795575160194,6795575160194,6795575169230,16.26,16.29,1.24,0.000,0.90
2751,6795575320519,6795575323778,6795575323872,6795575323872,6795575333150,16.37,16.39,1.26,0.000,0.93
2752,6795575483976,6795575487149,6795575487231,6795575487231,6795575496416,16.35,16.33,1.24,0.000,0.92
2753,6795575647288,6795575650417,6795575650495,6795575650495,6795575662598,16.33,16.62,1.53,0.000,1.21
2754,6795575809312,6795575813461,6795575813538,6795575813538,6795575824026,16.20,16.14,1.47,0.000,1.05
2755,6795575972838,6795575976218,6795575976304,6795575976304,6795575985012,16.35,16.10,1.22,0.000,0.87
2756,6795576135877,6795576138916,6795576138993,6795576138993,6795576147338,16.30,16.23,1.15,0.000,0.83
2757,6795576299194,6795576302670,6795576302740,6795576302740,6795576311416,16.33,16.41,1.22,0.000,0.87
2758,6795576461688,6795576464459,6795576464524,6795576464524,6795576473388,16.25,16.20,1.17,0.000,0.89
2759,6795576625444,6795576628178,6795576628252,6795576628252,6795576636870,16.38,16.35,1.14,0.000,0.86
2760,6795576788966,6795576792425,6795576792538,6795576792538,6795576809589,16.35,17.27,2.06,0.000,1.71
2761,6795576952255,6795576955750,6795576955824,6795576955824,6795576965321,16.33,15.57,1.31,0.000,0.95
2762,6795577116212,6795577119994,6795577120116,6795577120116,6795577129182,16.40,16.39,1.30,0.000,0.91
2763,6795577281583,6795577285575,6795577285661,6795577285661,6795577294959,16.54,16.58,1.34,0.000,0.93
2764,6795577440234,6795577443443,6795577443529,6795577443529,6795577452647,15.87,15.77,1.24,0.000,0.91
2765,6795577605587,6795577609811,6795577609911,6795577609911,6795577620418,16.54,16.78,1.48,0.000,1.05
2766,6795577769912,6795577773702,6795577773800,6795577773800,6795577783786,16.43,16.34,1.39,0.000,1.00
2767,6795577933517,6795577936885,6795577936977,6795577936977,6795577944910,16.36,16.11,1.14,0.000,0.79
2768,6795578093652,6795578096544,6795578096608,6795578096608,6795578105047,16.01,16.01,1.14,0.000,0.84
2769,6795578258260,6795578262227,6795578262314,6795578262314,6795578273074,16.46,16.80,1.48,0.000,1.08
2770,6795578422713,6795578427273,6795578427397,6795578427397,6795578439900,16.45,16.68,1.72,0.000,1.25
2771,6795578581918,6795578585156,6795578585226,6795578585226,6795578593567,15.92,15.37,1.16,0.000,0.83
2772,6795578745659,6795578748536,6795578748617,6795578748617,6795578756993,16.37,16.34,1.13,0.000,0.84
2773,6795578909733,6795578913743,6795578913822,6795578913822,6795578923049,16.41,16.61,1.33,0.000,0.92
2774,6795579071587,6795579074979,6795579075057,6795579075057,6795579084000,16.19,16.10,1.24,0.000,0.89
2775,6795579235041,6795579238206,6795579238329,6795579238329,6795579247868,16.35,16.39,1.28,0.000,0.95
2776,6795579398258,6795579401144,6795579401233,6795579401233,6795579411098,16.32,16.32,1.28,0.000,0.99
2777,6795579561942,6795579565076,6795579565162,6795579565162,6795579578107,16.37,16.70,1.62,0.000,1.29
2778,6795579724457,6795579727871,6795579727943,6795579727943,6795579736757,16.25,15.87,1.23,0.000,0.88
2779,6795579887816,6795579890815,6795579890889,6795579890889,6795579900160,16.34,16.34,1.23,0.000,0.93
2780,6795580050378,6795580053400,6795580053464,6795580053464,6795580062114,16.26,16.20,1.17,0.000,0.86
2781,6795580214239,6795580217582,6795580217707,6795580217707,6795580228215,16.39,16.61,1.40,0.000,1.05
2782,6795580376790,6795580379824,6795580379899,6795580379899,6795580389038,16.26,16.08,1.22,0.000,0.91
2783,6795580540690,6795580543913,6795580543993,6795580543993,6795580552288,16.39,16.32,1.16,0.000,0.83
2784,6795580702780,6795580705712,6795580705786,6795580705786,6795580716712,16.21,16.44,1.39,0.000,1.09
2785,6795580866322,6795580869385,6795580869466,6795580869466,6795580877825,16.35,16.11,1.15,0.000,0.84
2786,6795581029229,6795581032014,6795581032088,6795581032088,6795581040478,16.29,16.27,1.12,0.000,0.84
2787,6795581192484,6795581195287,6795581195353,6795581195353,6795581203983,16.33,16.35,1.15,0.000,0.86
2788,6795581355685,6795581358448,6795581358717,6795581358717,6795581367985,16.32,16.40,1.23,0.000,0.93
2789,6795581519586,6795581522942,6795581523009,6795581523009,6795581531047,16.39,16.31,1.15,0.000,0.80
2790,6795581680910,6795581683668,6795581683747,6795581683747,6795581692583,16.13,16.15,1.17,0.000,0.88
2791,6795581844829,6795581847496,6795581847568,6795581847568,6795581856128,16.39,16.35,1.13,0.000,0.86
2792,6795582007776,6795582010927,6795582011160,6795582011160,6795582020983,16.29,16.49,1.32,0.000,0.98
2793,6795582171813,6795582174772,6795582174841,6795582174841,6795582182980,16.40,16.20,1.12,0.000,0.81
2794,6795582334529,6795582337361,6795582337426,6795582337426,6795582345870,16.27,16.29,1.13,0.000,0.84
2795,6795582497329,6795582500090,6795582500155,6795582500155,6795582508201,16.28,16.23,1.09,0.000,0.80
2796,6795582660436,6795582663194,6795582663252,6795582663252,6795582672155,16.31,16.40,1.17,0.000,0.89
2797,6795582824203,6795582827611,6795582827700,6795582827700,6795582836804,16.38,16.46,1.26,0.000,0.91
2798,6795582987095,6795582990306,6795582990384,6795582990384,6795582999368,16.29,16.26,1.23,0.000,0.90
2799,6795583150515,6795583153734,6795583153811,6795583153811,6795583163194,16.34,16.38,1.27,0.000,0.94
2800,6795583314011,6795583318304,6795583318436,6795583318436,6795583329045,16.35,16.59,1.50,0.000,1.06
2801,6795583476363,6795583479596,6795583479873,6795583479873,6795583489323,16.24,16.03,1.30,0.000,0.94
2802,6795583638915,6795583641926,6795583642007,6795583642007,6795583651878,16.26,16.26,1.30,0.000,0.99
2803,6795583803534,6795583807027,6795583807265,6795583807265,6795583818508,16.46,16.66,1.50,0.000,1.12
2804,6795583966255,6795583969466,6795583969537,6795583969537,6795583978222,16.27,15.97,1.20,0.000,0.87
2805,6795584128757,6795584131606,6795584131675,6795584131675,6795584139959,16.25,16.17,1.12,0.000,0.83
2806,6795584292104,6795584295053,6795584295106,6795584295106,6795584303431,16.33,16.35,1.13,0.000,0.83
2807,6795584454999,6795584457922,6795584457962,6795584457962,6795584466030,16.29,16.26,1.10,0.000,0.81
2808,6795584618275,6795584621187,6795584621257,6795584621257,6795584630372,16.33,16.43,1.21,0.000,0.91
2809,6795584781202,6795584784245,6795584784321,6795584784321,6795584793485,16.29,16.31,1.23,0.000,0.92
2810,6795584944233,6795584946926,6795584946998,6795584946998,6795584955324,16.30,16.18,1.11,0.000,0.83
2811,6795585106722,6795585109907,6795585109993,6795585109993,6795585121799,16.25,16.65,1.51,0.000,1.18
2812,6795585270092,6795585272817,6795585272893,6795585272893,6795585281527,16.34,15.97,1.14,0.000,0.86
2813,6795585435606,6795585439379,6795585439495,6795585439495,6795585446274,16.55,16.47,1.07,0.000,0.68
2814,6795585596459,6795585599663,6795585599735,6795585599735,6795585609513,16.09,16.32,1.31,0.000,0.98
2815,6795585759187,6795585762049,6795585762108,6795585762108,6795585770176,16.27,16.07,1.10,0.000,0.81
2816,6795585923564,6795585926314,6795585926392,6795585926392,6795585934835,16.44,16.47,1.13,0.000,0.84
2817,6795586085768,6795586088474,6795586088543,6795586088543,6795586097326,16.22,16.25,1.16,0.000,0.88
2818,6795586249250,6795586251981,6795586252050,6795586252050,6795586260349,16.35,16.30,1.11,0.000,0.83
2819,6795586412420,6795586416535,6795586416623,6795586416623,6795586425206,16.32,16.49,1.28,0.000,0.86
2820,6795586574800,6795586577689,6795586577748,6795586577748,6795586586207,16.24,16.10,1.14,0.000,0.85
2821,6795586738199,6795586741377,6795586741446,6795586741446,6795586749676,16.34,16.35,1.15,0.000,0.82
2822,6795586901441,6795586904279,6795586904341,6795586904341,6795586913141,16.32,16.35,1.17,0.000,0.88
2823,6795587065613,6795587069365,6795587069483,6795587069483,6795587078312,16.42,16.52,1.27,0.000,0.88
2824,6795587227926,6795587231371,6795587231443,6795587231443,6795587240484,16.23,16.22,1.26,0.000,0.90
2825,6795587391232,6795587394716,6795587394782,6795587394782,6795587404413,16.33,16.39,1.32,0.000,0.96
2826,6795587554356,6795587557364,6795587557427,6795587557427,6795587566388,16.31,16.20,1.20,0.000,0.90
2827,6795587720488,6795587724678,6795587724756,6795587724756,6795587732968,16.61,16.66,1.25,0.000,0.82
2828,6795587880371,6795587883141,6795587883205,6795587883205,6795587891628,15.99,15.87,1.13,0.000,0.84
2829,6795588045010,6795588048531,6795588048615,6795588048615,6795588058022,16.46,16.64,1.30,0.000,0.94
2830,6795588214982,6795588221876,6795588222006,6795588222006,6795588238089,17.00,18.01,2.31,0.000,1.61
2831,6795588372287,6795588376615,6795588376705,6795588376705,6795588385590,15.73,14.75,1.33,0.000,0.89
2832,6795588533129,6795588536098,6795588536207,6795588536207,6795588545341,16.08,15.98,1.22,0.000,0.91
2833,6795588696021,6795588698708,6795588698790,6795588698790,6795588707008,16.29,16.17,1.10,0.000,0.82
2834,6795588859356,6795588862091,6795588862184,6795588862184,6795588870868,16.33,16.39,1.15,0.000,0.87
2835,6795589022308,6795589025469,6795589025562,6795589025562,6795589034602,16.30,16.37,1.23,0.000,0.90
2836,6795589185083,6795589187767,6795589187850,6795589187850,6795589196491,16.28,16.19,1.14,0.000,0.86
2837,6795589348067,6795589350930,6795589351005,6795589351005,6795589359259,16.30,16.28,1.12,0.000,0.83
2838,6795589511431,6795589515049,6795589515123,6795589515123,6795589526210,16.34,16.70,1.48,0.000,1.11
2839,6795589674303,6795589677078,6795589677180,6795589677180,6795589685209,16.29,15.90,1.09,0.000,0.80
2840,6795589837744,6795589840498,6795589840578,6795589840578,6795589849210,16.34,16.40,1.15,0.000,0.86
2841,6795590000290,6795590003215,6795590003301,6795590003301,6795590013036,16.25,16.38,1.27,0.000,0.97
2842,6795590166268,6795590170204,6795590170279,6795590170279,6795590180133,16.60,16.71,1.39,0.000,0.99
2843,6795590327891,6795590331039,6795590331144,6795590331144,6795590340048,16.16,15.99,1.22,0.000,0.89
2844,6795590490894,6795590494589,6795590494671,6795590494671,6795590504559,16.30,16.45,1.37,0.000,0.99
2845,6795590653798,6795590657002,6795590657080,6795590657080,6795590665627,16.29,16.11,1.18,0.000,0.85
2846,6795590816582,6795590820199,6795590820292,6795590820292,6795590829092,16.28,16.35,1.25,0.000,0.88
2847,6795590980039,6795590983026,6795590983124,6795590983124,6795590994034,16.35,16.49,1.40,0.000,1.09
2848,6795591142884,6795591145889,6795591145964,6795591145964,6795591154591,16.28,16.06,1.17,0.000,0.86
2849,6795591306636,6795591309471,6795591309568,6795591309568,6795591319227,16.38,16.46,1.26,0.000,0.97
2850,6795591468398,6795591471618,6795591471690,6795591471690,6795591480508,16.18,16.13,1.21,0.000,0.88
2851,6795591632692,6795591635722,6795591635798,6795591635798,6795591645361,16.43,16.49,1.27,0.000,0.96
2852,6795591794881,6795591797735,6795591797810,6795591797810,6795591806356,16.22,16.10,1.15,0.000,0.85
2853,6795591958667,6795591961959,6795591962038,6795591962038,6795591970470,16.38,16.41,1.18,0.000,0.84
2854,6795592123511,6795592126824,6795592126938,6795592126938,6795592136829,16.48,16.64,1.33,0.000,0.99
2855,6795592286365,6795592291368,6795592291465,6795592291465,6795592302575,16.29,16.57,1.62,0.000,1.11
2856,6795592448147,6795592451160,6795592451323,6795592451323,6795592460122,16.18,15.75,1.20,0.000,0.88
2857,6795592611896,6795592616043,6795592616134,6795592616134,6795592626317,16.37,16.62,1.44,0.000,1.02
2858,6795592773819,6795592776712,6795592776799,6795592776799,6795592785328,16.19,15.90,1.15,0.000,0.85
2859,6795592937178,6795592939981,6795592940060,6795592940060,6795592948099,16.34,16.28,1.09,0.000,0.80
2860,6795593099889,6795593102571,6795593102656,6795593102656,6795593111140,16.27,16.30,1.13,0.000,0.85
2861,6795593263031,6795593265734,6795593265803,6795593265803,6795593273999,16.31,16.29,1.10,0.000,0.82
2862,6795593427187,6795593430147,6795593430236,6795593430236,6795593438858,16.42,16.49,1.17,0.000,0.86
2863,6795593589403,6795593592288,6795593592355,6795593592355,6795593600480,16.22,16.16,1.11,0.000,0.81
2864,6795593752093,6795593754826,6795593754900,6795593754900,6795593763502,16.27,16.30,1.14,0.000,0.86
2865,6795593916986,6795593920553,6795593920660,6795593920660,6795593929447,16.49,16.59,1.25,0.000,0.88
2866,6795594080084,6795594083020,6795594083090,6795594083090,6795594091701,16.31,16.23,1.16,0.000,0.86
2867,6795594242740,6795594245591,6795594245674,6795594245674,6795594253824,16.27,16.21,1.11,0.000,0.81
2868,6795594404469,6795594407475,6795594407534,6795594407534,6795594416823,16.17,16.30,1.24,0.000,0.93
2869,6795594568554,6795594571355,6795594571432,6795594571432,6795594579565,16.41,16.27,1.10,0.000,0.81
2870,6795594731578,6795594734715,6795594734810,6795594734810,6795594745801,16.30,16.62,1.42,0.000,1.10
2871,6795594894124,6795594897696,6795594897777,6795594897777,6795594909374,16.25,16.36,1.52,0.000,1.16
2872,6795595059944,6795595063492,6795595063580,6795595063580,6795595071926,16.58,16.26,1.20,0.000,0.83
2873,6795595222920,6795595226907,6795595227008,6795595227008,6795595234620,16.30,16.27,1.17,0.000,0.76
2874,6795595384801,6795595388648,6795595388723,6795595388723,6795595397181,16.19,16.26,1.24,0.000,0.85
2875,6795595546769,6795595549584,6795595549652,6795595549652,6795595557824,16.20,16.06,1.11,0.000,0.82
2876,6795595710966,6795595714826,6795595714862,6795595714862,6795595725129,16.42,16.73,1.42,0.000,1.03
2877,6795595873205,6795595875869,6795595875944,6795595875944,6795595884498,16.22,15.94,1.13,0.000,0.86
2878,6795596036393,6795596039219,6795596039279,6795596039279,6795596047962,16.32,16.35,1.16,0.000,0.87
2879,6795596199931,6795596202941,6795596203016,6795596203016,6795596211008,16.35,16.30,1.11,0.000,0.80
2880,6795596362645,6795596365408,6795596365480,6795596365480,6795596374063,16.27,16.31,1.14,0.000,0.86
2881,6795596525970,6795596528638,6795596528720,6795596528720,6795596536992,16.33,16.29,1.10,0.000,0.83
2882,6795596688455,6795596691165,6795596691227,6795596691227,6795596699892,16.25,16.29,1.14,0.000,0.87
2883,6795596852715,6795596855435,6795596855495,6795596855495,6795596863671,16.43,16.38,1.10,0.000,0.82
2884,6795597014498,6795597018061,6795597018140,6795597018140,6795597027303,16.18,16.36,1.28,0.000,0.92
2885,6795597178522,6795597181486,6795597181560,6795597181560,6795597189761,16.40,16.25,1.12,0.000,0.82
2886,6795597341647,6795597344356,6795597344425,6795597344425,6795597352908,16.31,16.31,1.13,0.000,0.85
2887,6795597504453,6795597507112,6795597507179,6795597507179,6795597516121,16.28,16.32,1.17,0.000,0.89
2888,6795597667767,6795597670744,6795597670818,6795597670818,6795597678996,16.33,16.29,1.12,0.000,0.82
2889,6795597832605,6795597838753,6795597838830,6795597838830,6795597846940,16.48,16.79,1.43,0.000,0.81
2890,6795597996522,6795597999864,6795597999955,6795597999955,6795598009012,16.39,16.21,1.25,0.000,0.91
2891,6795598156715,6795598159478,6795598159551,6795598159551,6795598167977,16.02,15.90,1.13,0.000,0.84
2892,6795598323055,6795598327742,6795598327831,6795598327831,6795598340716,16.63,17.27,1.77,0.000,1.29
2893,6795598484224,6795598488014,6795598488088,6795598488088,6795598497998,16.12,15.73,1.38,0.000,0.99
2894,6795598646415,6795598649556,6795598649641,6795598649641,6795598658408,16.22,16.04,1.20,0.000,0.88
2895,6795598809197,6795598812510,6795598812585,6795598812585,6795598822643,16.28,16.42,1.34,0.000,1.01
2896,6795598972764,6795598975644,6795598975718,6795598975718,6795598984082,16.36,16.14,1.13,0.000,0.84
2897,6795599135632,6795599138580,6795599138648,6795599138648,6795599147428,16.29,16.33,1.18,0.000,0.88
2898,6795599299828,6795599302839,6795599302922,6795599302922,6795599311950,16.42,16.45,1.21,0.000,0.90
2899,6795599462415,6795599465401,6795599465459,6795599465459,6795599474221,16.26,16.23,1.18,0.000,0.88
2900,6795599625751,6795599629367,6795599629434,6795599629434,6795599638242,16.33,16.40,1.25,0.000,0.88
2901,6795599788145,6795599791165,6795599791257,6795599791257,6795599800619,16.24,16.24,1.25,0.000,0.94
2902,6795599951452,6795599954461,6795599954545,6795599954545,6795599963495,16.33,16.29,1.20,0.000,0.90
2903,6795600117521,6795600122598,6795600122700,6795600122700,6795600133919,16.61,17.04,1.64,0.000,1.12
2904,6795600284292,6795600288220,6795600288313,6795600288313,6795600300096,16.68,16.62,1.58,0.000,1.18
2905,6795600441243,6795600444005,6795600444082,6795600444082,6795600452114,15.70,15.20,1.09,0.000,0.80
2906,6795600603939,6795600606784,6795600606867,6795600606867,6795600615693,16.27,16.36,1.18,0.000,0.88
2907,6795600766757,6795600769813,6795600769883,6795600769883,6795600778412,16.28,16.27,1.17,0.000,0.85
2908,6795600930339,6795600933044,6795600933117,6795600933117,6795600941821,16.36,16.34,1.15,0.000,0.87
2909,6795601093525,6795601096504,6795601096591,6795601096591,6795601104465,16.32,16.26,1.09,0.000,0.79
2910,6795601256164,6795601258919,6795601259001,6795601259001,6795601267394,16.26,16.29,1.12,0.000,0.84
2911,6795601420634,6795601424136,6795601424223,6795601424223,6795601432771,16.45,16.54,1.21,0.000,0.85
2912,6795601582163,6795601584955,6795601585017,6795601585017,6795601593208,16.15,16.04,1.10,0.000,0.82
2913,6795601745692,6795601748510,6795601748580,6795601748580,6795601756862,16.35,16.37,1.12,0.000,0.83
2914,6795601908970,6795601912642,6795601912745,6795601912745,6795601924174,16.33,16.73,1.52,0.000,1.14
2915,6795602072091,6795602075296,6795602075638,6795602075638,6795602084592,16.31,16.04,1.25,0.000,0.90
2916,6795602235672,6795602238944,6795602239012,6795602239012,6795602247448,16.36,16.29,1.18,0.000,0.84
2917,6795602398115,6795602401646,6795602401735,6795602401735,6795602411789,16.24,16.43,1.37,0.000,1.01
2918,6795602561488,6795602564552,6795602564634,6795602564634,6795602573429,16.34,16.16,1.19,0.000,0.88
2919,6795602724818,6795602728337,6795602728411,6795602728411,6795602736719,16.33,16.33,1.19,0.000,0.83
2920,6795602888962,6795602893289,6795602893356,6795602893356,6795602903075,16.41,16.64,1.41,0.000,0.97
2921,6795603050593,6795603053333,6795603053400,6795603053400,6795603061899,16.16,15.88,1.13,0.000,0.85
2922,6795603214182,6795603217787,6795603217907,6795603217907,6795603227153,16.36,16.53,1.30,0.000,0.92
2923,6795603377326,6795603380150,6795603380223,6795603380223,6795603388121,16.31,16.10,1.08,0.000,0.79
2924,6795603540317,6795603543574,6795603543642,6795603543642,6795603552188,16.30,16.41,1.19,0.000,0.85
2925,6795603705539,6795603708785,6795603708830,6795603708830,6795603718248,16.52,16.61,1.27,0.000,0.94
2926,6795603869785,6795603872756,6795603872829,6795603872829,6795603881599,16.42,16.34,1.18,0.000,0.88
2927,6795604031420,6795604034098,6795604034173,6795604034173,6795604042109,16.16,16.05,1.07,0.000,0.79
2928,6795604195217,6795604198093,6795604198165,6795604198165,6795604206961,16.38,16.49,1.17,0.000,0.88
2929,6795604358378,6795604361260,6795604361325,6795604361325,6795604369276,16.32,16.23,1.09,0.000,0.80
2930,6795604520990,6795604524562,6795604524627,6795604524627,6795604533414,16.26,16.41,1.24,0.000,0.88
2931,6795604683626,6795604686509,6795604686580,6795604686580,6795604695232,16.26,16.18,1.16,0.000,0.87
2932,6795604846413,6795604849366,6795604849433,6795604849433,6795604857601,16.28,16.24,1.12,0.000,0.82
2933,6795605010568,6795605013933,6795605013988,6795605013988,6795605023282,16.42,16.57,1.27,0.000,0.93
2934,6795605172474,6795605175170,6795605175242,6795605175242,6795605183585,16.19,16.03,1.11,0.000,0.83
2935,6795605336648,6795605339625,6795605339688,6795605339688,6795605347833,16.42,16.42,1.12,0.000,0.81
2936,6795605500012,6795605503013,6795605503090,6795605503090,6795605511260,16.34,16.34,1.12,0.000,0.82
2937,6795605663098,6795605665919,6795605665966,6795605665966,6795605674419,16.31,16.32,1.13,0.000,0.85
2938,6795605825981,6795605828944,6795605828975,6795605828975,6795605838454,16.29,16.40,1.25,0.000,0.95
2939,6795605825981,6795605828944,6795605838592,6795605838592,6795605912256,0.00,7.38,8.63,0.000,7.37
2940,6795605989949,6795605992776,6795605992843,6795605992843,6795606014463,16.40,10.22,2.45,0.000,2.16
2941,6795606151772,6795606154981,6795606155054,6795606155054,6795606163692,16.18,14.92,1.19,0.000,0.86
2942,6795606315271,6795606318824,6795606318933,6795606318933,6795606329008,16.35,16.53,1.37,0.000,1.01
2943,6795606478217,6795606481293,6795606481379,6795606481379,6795606491816,16.29,16.28,1.36,0.000,1.04
2944,6795606641600,6795606644696,6795606644789,6795606644789,6795606653294,16.34,16.15,1.17,0.000,0.85
2945,6795606803716,6795606806414,6795606806483,6795606806483,6795606815385,16.21,16.21,1.17,0.000,0.89
2946,6795606967841,6795606970633,6795606970737,6795606970737,6795606978912,16.41,16.35,1.11,0.000,0.82
2947,6795607130595,6795607133269,6795607133338,6795607133338,6795607141414,16.28,16.25,1.08,0.000,0.81
2948,6795607293936,6795607296841,6795607296908,6795607296908,6795607305595,16.33,16.42,1.17,0.000,0.87
2949,6795607457001,6795607459711,6795607459779,6795607459779,6795607467803,16.31,16.22,1.08,0.000,0.80
2950,6795607621497,6795607624602,6795607624681,6795607624681,6795607633426,16.45,16.56,1.19,0.000,0.87
2951,6795607782502,6795607785416,6795607785480,6795607785480,6795607794221,16.10,16.08,1.17,0.000,0.87
2952,6795607946447,6795607949519,6795607949592,6795607949592,6795607957727,16.39,16.35,1.13,0.000,0.81
2953,6795608110357,6795608114823,6795608114891,6795608114891,6795608123944,16.39,16.62,1.36,0.000,0.91
2954,6795608288369,6795608296770,6795608297048,6795608297048,6795608305988,17.80,18.20,1.76,0.000,0.89
2955,6795608437548,6795608441447,6795608441515,6795608441515,6795608450776,14.92,14.48,1.32,0.000,0.93
2956,6795608599258,6795608602194,6795608602265,6795608602265,6795608610814,16.17,16.00,1.16,0.000,0.85
2957,6795608762370,6795608765307,6795608765374,6795608765374,6795608773510,16.31,16.27,1.11,0.000,0.81
2958,6795608926031,6795608929350,6795608929415,6795608929415,6795608937943,16.37,16.44,1.19,0.000,0.85
2959,6795609087749,6795609090878,6795609090964,6795609090964,6795609099577,16.17,16.16,1.18,0.000,0.86
2960,6795609250975,6795609253726,6795609253858,6795609253858,6795609262000,16.32,16.24,1.10,0.000,0.81
2961,6795609250975,6795609253726,6795609262594,6795609262594,6795609312746,0.00,5.07,6.18,0.000,5.02
2962,6795609414580,6795609417986,6795609418047,6795609418047,6795609426443,16.36,11.37,1.19,0.000,0.84
2963,6795609577550,6795609580243,6795609580312,6795609580312,6795609588736,16.30,16.23,1.12,0.000,0.84
2964,6795609741121,6795609743805,6795609743876,6795609743876,6795609752762,16.36,16.40,1.16,0.000,0.89
2965,6795609904156,6795609906990,6795609907061,6795609907061,6795609915046,16.30,16.23,1.09,0.000,0.80
2966,6795610066598,6795610070145,6795610070212,6795610070212,6795610079252,16.24,16.42,1.27,0.000,0.90
2967,6795610230406,6795610233573,6795610233682,6795610233682,6795610242308,16.38,16.31,1.19,0.000,0.86
2968,6795610393364,6795610396321,6795610396390,6795610396390,6795610405274,16.30,16.30,1.19,0.000,0.89
2969,6795610555990,6795610559234,6795610559309,6795610559309,6795610568776,16.26,16.35,1.28,0.000,0.95
2970,6795610720292,6795610724195,6795610724284,6795610724284,6795610734187,16.43,16.54,1.39,0.000,0.99
2971,6795610882679,6795610885350,6795610885408,6795610885408,6795610894050,16.24,15.99,1.14,0.000,0.86
2972,6795611044957,6795611047814,6795611047881,6795611047881,6795611056453,16.23,16.24,1.15,0.000,0.86
2973,6795611208271,6795611211273,6795611211345,6795611211345,6795611221085,16.33,16.46,1.28,0.000,0.97
2974,6795611371595,6795611374297,6795611374387,6795611374387,6795611382704,16.33,16.16,1.11,0.000,0.83
2975,6795611535243,6795611538161,6795611538238,6795611538238,6795611546215,16.36,16.35,1.10,0.000,0.80
2976,6795611697190,6795611700030,6795611700107,6795611700107,6795611708766,16.19,16.26,1.16,0.000,0.87
2977,6795611861079,6795611864377,6795611864444,6795611864444,6795611873438,16.39,16.47,1.24,0.000,0.90
2978,6795612025226,6795612028381,6795612028480,6795612028480,6795612037899,16.41,16.45,1.27,0.000,0.94
2979,6795612186499,6795612189438,6795612189520,6795612189520,6795612198049,16.13,16.02,1.16,0.000,0.85
2980,6795612350217,6795612352939,6795612353017,6795612353017,6795612361722,16.37,16.37,1.15,0.000,0.87
2981,6795612513553,6795612517069,6795612517178,6795612517178,6795612527236,16.33,16.55,1.37,0.000,1.01
2982,6795612513553,6795612517069,6795612527396,6795612527396,6795612615558,0.00,8.83,10.20,0.000,8.82
2983,6795612676412,6795612679176,6795612679233,6795612679233,6795612713748,16.29,9.82,3.73,0.000,3.45
2984,6795612842739,6795612846759,6795612846899,6795612846899,6795612857147,16.63,14.34,1.44,0.000,1.02
2985,6795613006053,6795613009439,6795613009550,6795613009550,6795613020240,16.33,16.31,1.42,0.000,1.07
2986,6795613167443,6795613170623,6795613170698,6795613170698,6795613179290,16.14,15.90,1.18,0.000,0.86
2987,6795613333807,6795613337748,6795613337855,6795613337855,6795613349626,16.64,17.03,1.58,0.000,1.18
2988,6795613492675,6795613495860,6795613495929,6795613495929,6795613504950,15.89,15.53,1.23,0.000,0.90
2989,6795613656042,6795613658908,6795613658980,6795613658980,6795613666892,16.34,16.19,1.08,0.000,0.79
2990,6795613818909,6795613822510,6795613822621,6795613822621,6795613832511,16.29,16.56,1.36,0.000,0.99
2991,6795613981631,6795613984796,6795613984863,6795613984863,6795613993832,16.27,16.13,1.22,0.000,0.90
2992,6795614145036,6795614148624,6795614148693,6795614148693,6795614159592,16.34,16.58,1.46,0.000,1.09
2993,6795614307606,6795614310582,6795614310655,6795614310655,6795614319185,16.26,15.96,1.16,0.000,0.85
2994,6795614470747,6795614473548,6795614473626,6795614473626,6795614482274,16.31,16.31,1.15,0.000,0.86
2995,6795614634056,6795614637125,6795614637186,6795614637186,6795614645634,16.33,16.34,1.16,0.000,0.84
2996,6795614796282,6795614798949,6795614799042,6795614799042,6795614806902,16.22,16.13,1.06,0.000,0.79
2997,6795614959876,6795614962759,6795614962852,6795614962852,6795614971319,16.36,16.44,1.14,0.000,0.85
2998,6795615124143,6795615127329,6795615127471,6795615127471,6795615136474,16.43,16.52,1.23,0.000,0.90
2999,6795615124143,6795615127329,6795615136608,6795615136608,6795615214178,0.00,7.77,9.00,0.000,7.76
3000,6795615286736,6795615289425,6795615289485,6795615289485,6795615316114,16.26,10.19,2.94,0.000,2.66
